Date,Close/Last,Volume,Open,High,Low
3/6/23,$184.90 ,33209390,$188.00 ,$189.66 ,$184.64 
3/3/23,$185.25 ,45877690,$178.92 ,$186.62 ,$177.05 
3/2/23,$174.53 ,17360710,$172.38 ,$175.01 ,$171.43 
3/1/23,$173.42 ,30998380,$174.59 ,$177.85 ,$173.05 
2/28/23,$174.94 ,46051120,$171.90 ,$177.55 ,$171.87 
2/27/23,$169.54 ,19277000,$171.88 ,$173.12 ,$169.06 
2/24/23,$170.39 ,19791330,$168.64 ,$170.72 ,$167.66 
2/23/23,$172.04 ,20017780,$172.00 ,$173.69 ,$169.38 
2/22/23,$171.12 ,22433160,$171.07 ,$172.76 ,$169.69 
2/21/23,$172.08 ,34592580,$174.31 ,$178.17 ,$171.88 
2/17/23,$172.88 ,24171260,$170.22 ,$173.18 ,$169.70 
2/16/23,$172.44 ,25827470,$172.75 ,$175.85 ,$171.79 
2/15/23,$177.16 ,25337970,$176.42 ,$178.19 ,$175.33 
2/14/23,$179.48 ,24034630,$177.16 ,$181.51 ,$175.88 
2/13/23,$179.43 ,31463220,$178.22 ,$181.00 ,$175.82 
2/10/23,$174.15 ,33433570,$176.35 ,$178.89 ,$173.35 
2/9/23,$177.92 ,37118810,$186.13 ,$186.65 ,$177.27 
2/8/23,$183.43 ,36139070,$190.00 ,$190.83 ,$182.92 
2/7/23,$191.62 ,47080660,$185.58 ,$193.78 ,$184.40 
2/6/23,$186.06 ,42483810,$186.53 ,$190.70 ,$185.52 
2/3/23,$186.53 ,76809700,$183.47 ,$196.77 ,$182.89 
2/2/23,$188.77 ,150475700,$183.38 ,$197.16 ,$180.16 
2/1/23,$153.12 ,55661020,$148.03 ,$153.58 ,$147.06 
1/31/23,$148.97 ,29842110,$147.95 ,$149.88 ,$147.52 
1/30/23,$147.06 ,28040100,$149.41 ,$151.12 ,$146.95 
1/27/23,$151.74 ,35771870,$148.24 ,$153.19 ,$147.39 
1/26/23,$147.30 ,25482080,$144.40 ,$147.51 ,$143.30 
1/25/23,$141.50 ,26622020,$141.22 ,$143.17 ,$140.31 
1/24/23,$143.14 ,21970190,$141.69 ,$145.00 ,$141.36 
1/23/23,$143.27 ,27470090,$139.29 ,$143.76 ,$138.66 
1/20/23,$139.37 ,28688630,$135.89 ,$139.94 ,$134.61 
1/19/23,$136.15 ,28625230,$132.49 ,$137.45 ,$132.14 
1/18/23,$133.02 ,20215490,$135.81 ,$137.25 ,$132.80 
1/17/23,$135.36 ,21147590,$136.18 ,$136.75 ,$134.25 
1/13/23,$136.98 ,22423840,$134.97 ,$137.39 ,$134.84 
1/12/23,$136.71 ,30757730,$133.44 ,$137.68 ,$131.76 
1/11/23,$132.89 ,25423050,$130.96 ,$133.85 ,$130.34 
1/10/23,$132.99 ,28684430,$127.27 ,$133.44 ,$127.15 
1/9/23,$129.47 ,26649150,$131.16 ,$132.95 ,$129.28 
1/6/23,$130.02 ,27584500,$128.97 ,$130.33 ,$126.04 
1/5/23,$126.94 ,25447100,$126.13 ,$128.52 ,$124.54 
1/4/23,$127.37 ,32397090,$127.38 ,$129.05 ,$125.85 
1/3/23,$124.74 ,35528530,$122.82 ,$126.37 ,$122.28 
12/30/22,$120.34 ,19583830,$118.16 ,$120.42 ,$117.74 
12/29/22,$120.26 ,22366190,$116.40 ,$121.03 ,$115.77 
12/28/22,$115.62 ,19612470,$116.25 ,$118.15 ,$115.51 
12/27/22,$116.88 ,21392310,$117.93 ,$118.60 ,$116.05 
12/23/22,$118.04 ,17796630,$116.03 ,$118.18 ,$115.54 
12/22/22,$117.12 ,23618120,$117.20 ,$118.62 ,$114.38 
12/21/22,$119.76 ,20392800,$116.70 ,$120.34 ,$115.62 
12/20/22,$117.09 ,28742500,$113.26 ,$117.33 ,$112.46 
12/19/22,$114.48 ,29769880,$116.83 ,$117.80 ,$114.33 
12/16/22,$119.43 ,67064000,$120.23 ,$123.31 ,$118.82 
12/15/22,$116.15 ,34530970,$118.33 ,$118.63 ,$114.01 
12/14/22,$121.59 ,36922040,$119.39 ,$124.14 ,$119.39 
12/13/22,$120.15 ,44701050,$122.13 ,$123.30 ,$118.64 
12/12/22,$114.71 ,24747060,$115.18 ,$115.72 ,$113.14 
12/9/22,$115.90 ,26033350,$115.30 ,$117.54 ,$113.87 
12/8/22,$115.33 ,30619420,$116.39 ,$117.34 ,$114.59 
12/7/22,$113.93 ,29461140,$113.76 ,$115.88 ,$112.88 
12/6/22,$114.12 ,43689180,$119.91 ,$120.55 ,$113.74 
12/5/22,$122.43 ,35474880,$121.75 ,$124.67 ,$121.35 
12/2/22,$123.49 ,39950460,$117.83 ,$124.04 ,$117.61 
12/1/22,$120.44 ,36551370,$119.20 ,$121.20 ,$118.40 
11/30/22,$118.10 ,43348560,$109.51 ,$118.16 ,$109.38 
11/29/22,$109.46 ,23899240,$109.54 ,$110.94 ,$108.54 
11/28/22,$108.78 ,23332820,$110.78 ,$112.04 ,$108.38 
11/25/22,$111.41 ,12007570,$111.30 ,$112.73 ,$111.02 
11/23/22,$112.24 ,21343080,$111.72 ,$112.67 ,$110.73 
11/22/22,$111.44 ,29028960,$109.86 ,$111.62 ,$108.32 
11/21/22,$109.86 ,24351070,$111.52 ,$112.37 ,$109.19 
11/18/22,$112.05 ,33357710,$113.80 ,$114.32 ,$110.62 
11/17/22,$111.45 ,35093820,$110.41 ,$112.33 ,$109.80 
11/16/22,$113.23 ,33287770,$114.50 ,$116.08 ,$112.66 
11/15/22,$117.08 ,50670500,$116.07 ,$118.74 ,$114.41 
11/14/22,$114.22 ,53394970,$110.99 ,$116.27 ,$110.80 
11/11/22,$113.02 ,59961740,$109.23 ,$114.90 ,$108.81 
11/10/22,$111.87 ,80670960,$107.12 ,$112.75 ,$104.61 
11/9/22,$101.47 ,107677300,$101.72 ,$104.90 ,$100.74 
11/8/22,$96.47 ,52088320,$95.92 ,$97.80 ,$94.79 
11/7/22,$96.72 ,81987300,$94.78 ,$96.88 ,$93.10 
11/4/22,$90.79 ,55638060,$90.35 ,$91.39 ,$88.09 
11/3/22,$88.91 ,60664010,$90.08 ,$90.46 ,$88.41 
11/2/22,$90.54 ,71821060,$94.21 ,$95.20 ,$90.48 
11/1/22,$95.20 ,110189600,$94.33 ,$97.49 ,$93.55 
10/31/22,$93.16 ,121361400,$98.22 ,$99.32 ,$92.60 
10/28/22,$99.20 ,95928310,$99.58 ,$100.85 ,$97.51 
10/27/22,$97.94 ,232316600,$97.98 ,$102.50 ,$96.38 
10/26/22,$129.82 ,89294680,$131.68 ,$135.55 ,$128.53 
10/25/22,$137.51 ,38433220,$130.88 ,$138.35 ,$130.59 
10/24/22,$129.72 ,63563450,$127.25 ,$133.48 ,$124.57 
10/21/22,$130.01 ,46348650,$126.31 ,$130.12 ,$125.44 
10/20/22,$131.53 ,26356280,$132.93 ,$136.77 ,$131.31 
10/19/22,$133.23 ,30691050,$132.89 ,$137.00 ,$132.22 
10/18/22,$132.80 ,25444980,$137.09 ,$137.84 ,$131.40 
10/17/22,$134.04 ,29612250,$130.30 ,$134.79 ,$130.18 
10/14/22,$126.76 ,23559410,$131.00 ,$131.79 ,$126.52 
10/13/22,$130.29 ,34325720,$123.53 ,$131.14 ,$122.53 
10/12/22,$127.50 ,34605250,$128.32 ,$129.67 ,$126.25 
10/11/22,$128.54 ,38481400,$131.62 ,$132.66 ,$126.99 
10/10/22,$133.79 ,24023980,$133.55 ,$136.11 ,$131.87 
10/7/22,$133.45 ,33214770,$136.76 ,$138.29 ,$132.44 
10/6/22,$139.07 ,36231060,$137.72 ,$141.45 ,$136.60 
10/5/22,$138.98 ,27979350,$138.24 ,$140.21 ,$134.78 
10/4/22,$140.28 ,34670730,$140.49 ,$142.39 ,$139.34 
10/3/22,$138.61 ,27723060,$137.14 ,$139.62 ,$136.10 
9/30/22,$135.68 ,33166390,$136.05 ,$140.99 ,$135.50 
9/29/22,$136.41 ,38985410,$139.36 ,$139.84 ,$135.20 
9/28/22,$141.61 ,32658480,$134.62 ,$142.03 ,$134.27 
9/27/22,$134.40 ,30826470,$137.92 ,$139.42 ,$134.12 
9/26/22,$136.37 ,30497020,$140.12 ,$142.24 ,$136.19 
9/23/22,$140.41 ,31710690,$141.42 ,$142.62 ,$138.89 
9/22/22,$142.82 ,34418520,$141.55 ,$144.58 ,$140.87 
9/21/22,$142.12 ,38338610,$146.39 ,$149.60 ,$142.00 
9/20/22,$146.09 ,23217350,$145.78 ,$148.84 ,$145.22 
9/19/22,$148.02 ,22169480,$145.24 ,$148.58 ,$145.10 
9/16/22,$146.29 ,40122820,$148.05 ,$148.58 ,$144.29 
9/15/22,$149.55 ,34606350,$149.80 ,$154.20 ,$148.70 
9/14/22,$151.47 ,43064200,$153.33 ,$153.54 ,$149.05 
9/13/22,$153.13 ,44444060,$161.54 ,$161.63 ,$152.67 
9/12/22,$168.96 ,23220410,$167.39 ,$171.39 ,$167.28 
9/9/22,$169.15 ,22129800,$163.25 ,$169.54 ,$163.02 
9/8/22,$162.06 ,22530790,$158.71 ,$162.23 ,$157.74 
9/7/22,$160.39 ,16831180,$157.76 ,$160.96 ,$156.81 
9/6/22,$158.54 ,19339780,$160.10 ,$161.69 ,$157.69 
9/2/22,$160.32 ,22634190,$167.45 ,$167.93 ,$159.22 
9/1/22,$165.36 ,30145680,$163.58 ,$167.36 ,$160.35 
8/31/22,$162.93 ,40952980,$167.07 ,$167.84 ,$162.14 
8/30/22,$157.16 ,19567950,$160.36 ,$161.66 ,$155.91 
8/29/22,$159.17 ,20052660,$160.66 ,$163.05 ,$159.01 
8/26/22,$161.78 ,24023630,$168.48 ,$170.92 ,$161.67 
8/25/22,$168.78 ,15550510,$165.18 ,$168.88 ,$164.02 
8/24/22,$163.26 ,20891480,$160.60 ,$165.46 ,$159.77 
8/23/22,$161.11 ,18111780,$162.48 ,$165.05 ,$160.70 
8/22/22,$163.05 ,19499710,$165.49 ,$165.49 ,$162.26 
8/19/22,$167.96 ,26240800,$170.20 ,$172.32 ,$167.05 
8/18/22,$174.66 ,18844450,$174.34 ,$175.76 ,$171.86 
8/17/22,$174.85 ,20118130,$176.76 ,$178.14 ,$174.17 
8/16/22,$179.47 ,21156710,$179.44 ,$180.99 ,$177.04 
8/15/22,$180.89 ,15878670,$178.96 ,$181.44 ,$178.20 
8/12/22,$180.50 ,21274050,$180.81 ,$181.46 ,$178.91 
8/11/22,$177.49 ,24079060,$179.71 ,$183.10 ,$176.37 
8/10/22,$178.34 ,30262130,$175.99 ,$180.48 ,$173.95 
8/9/22,$168.53 ,18655060,$168.95 ,$169.53 ,$166.60 
8/8/22,$170.25 ,27299110,$168.00 ,$177.51 ,$167.13 
8/5/22,$167.11 ,25832700,$166.99 ,$171.61 ,$165.80 
8/4/22,$170.57 ,23938210,$168.30 ,$172.15 ,$166.80 
8/3/22,$168.80 ,31717530,$162.69 ,$169.54 ,$161.57 
8/2/22,$160.19 ,27374520,$158.31 ,$162.24 ,$158.01 
8/1/22,$159.93 ,40596700,$157.25 ,$165.19 ,$155.23 
7/29/22,$159.10 ,42065400,$157.69 ,$160.14 ,$155.17 
7/28/22,$160.72 ,73214330,$161.06 ,$161.51 ,$154.85 
7/27/22,$169.58 ,43846560,$162.59 ,$170.87 ,$162.02 
7/26/22,$159.15 ,28468420,$165.94 ,$166.00 ,$157.95 
7/25/22,$166.65 ,26166330,$169.00 ,$170.57 ,$164.81 
7/22/22,$169.27 ,42583920,$173.07 ,$175.60 ,$168.41 
7/21/22,$183.17 ,27195820,$180.63 ,$183.85 ,$178.87 
7/20/22,$183.09 ,24784270,$177.49 ,$183.60 ,$176.70 
7/19/22,$175.78 ,25933680,$170.37 ,$176.49 ,$169.51 
7/18/22,$167.23 ,23574340,$166.75 ,$171.69 ,$165.64 
7/15/22,$164.70 ,23342810,$160.54 ,$164.98 ,$159.82 
7/14/22,$158.05 ,23765170,$161.22 ,$162.59 ,$157.28 
7/13/22,$163.49 ,16555140,$160.16 ,$164.98 ,$159.61 
7/12/22,$163.27 ,16639660,$164.80 ,$165.91 ,$162.10 
7/11/22,$162.88 ,21905130,$167.07 ,$167.49 ,$161.91 
7/8/22,$170.88 ,19249240,$169.98 ,$172.40 ,$168.15 
7/7/22,$172.19 ,24083370,$169.45 ,$172.72 ,$167.78 
7/6/22,$169.77 ,23085920,$168.20 ,$171.59 ,$165.46 
7/5/22,$168.19 ,28664800,$158.14 ,$168.25 ,$157.02 
7/1/22,$160.03 ,31423930,$160.31 ,$160.62 ,$155.00 
6/30/22,$161.25 ,35250610,$162.15 ,$165.23 ,$158.49 
6/29/22,$163.94 ,28595240,$163.57 ,$166.33 ,$160.32 
6/28/22,$160.68 ,27788730,$169.90 ,$171.30 ,$160.61 
6/27/22,$169.49 ,29174560,$171.32 ,$171.75 ,$168.01 
6/24/22,$170.16 ,68736010,$161.73 ,$170.25 ,$161.30 
6/23/22,$158.75 ,40499200,$156.27 ,$159.75 ,$154.25 
6/22/22,$155.85 ,47596820,$158.38 ,$160.79 ,$155.44 
6/21/22,$157.05 ,50724900,$165.93 ,$167.76 ,$155.97 
6/17/22,$163.74 ,31374220,$161.68 ,$165.90 ,$159.90 
6/16/22,$160.87 ,26944140,$163.72 ,$165.08 ,$159.61 
6/15/22,$169.35 ,30008250,$167.20 ,$172.16 ,$163.98 
6/14/22,$163.73 ,27244270,$166.03 ,$166.75 ,$161.36 
6/13/22,$164.26 ,31749300,$170.59 ,$172.58 ,$164.03 
6/10/22,$175.57 ,27478350,$183.04 ,$183.10 ,$175.02 
6/9/22,$184.00 ,23501580,$194.28 ,$199.45 ,$183.68 
6/8/22,$196.64 ,22267150,$194.67 ,$202.03 ,$194.41 
6/7/22,$195.65 ,18828690,$191.93 ,$196.53 ,$191.49 
6/6/22,$194.25 ,30574240,$193.99 ,$196.92 ,$188.40 
6/3/22,$190.78 ,19464990,$195.98 ,$196.61 ,$189.78 
6/2/22,$198.86 ,31951580,$188.45 ,$200.94 ,$187.73 
6/1/22,$188.64 ,36623500,$196.51 ,$199.53 ,$185.00 
5/31/22,$193.64 ,26131100,$194.89 ,$197.60 ,$192.01 
5/27/22,$195.13 ,22562730,$191.36 ,$195.33 ,$189.80 
5/26/22,$191.63 ,23056460,$182.88 ,$192.83 ,$182.26 
5/25/22,$183.83 ,28030190,$180.40 ,$185.45 ,$179.32 
5/24/22,$181.28 ,50406270,$180.55 ,$183.68 ,$176.11 
5/23/22,$196.23 ,25059160,$195.19 ,$196.99 ,$191.24 
5/20/22,$193.54 ,31465570,$194.97 ,$197.91 ,$187.87 
5/19/22,$191.29 ,24446940,$191.20 ,$195.29 ,$189.60 
5/18/22,$192.24 ,23959970,$200.00 ,$201.00 ,$191.63 
5/17/22,$202.62 ,24872730,$202.12 ,$205.46 ,$198.36 
5/16/22,$200.04 ,27112600,$197.05 ,$205.37 ,$195.93 
5/13/22,$198.62 ,24549840,$192.58 ,$199.89 ,$191.28 
5/12/22,$191.24 ,38262230,$187.06 ,$198.05 ,$184.78 
5/11/22,$188.74 ,31153380,$196.33 ,$200.67 ,$188.27 
5/10/22,$197.65 ,34452490,$199.51 ,$202.96 ,$194.19 
5/9/22,$196.21 ,36303200,$199.84 ,$202.57 ,$195.58 
5/6/22,$203.77 ,34747160,$207.34 ,$209.38 ,$201.02 
5/5/22,$208.28 ,41129190,$218.74 ,$220.17 ,$206.16 
5/4/22,$223.41 ,41375880,$210.65 ,$224.30 ,$206.96 
5/3/22,$212.03 ,41556270,$210.45 ,$214.90 ,$208.09 
5/2/22,$211.13 ,49915290,$201.17 ,$211.88 ,$200.99 
4/29/22,$200.47 ,49193430,$204.46 ,$212.48 ,$199.90 
4/28/22,$205.73 ,100890600,$202.92 ,$208.53 ,$192.90 
4/27/22,$174.95 ,71062890,$174.43 ,$181.21 ,$169.00 
4/26/22,$180.95 ,31747430,$186.63 ,$187.19 ,$179.50 
4/25/22,$186.99 ,29281060,$182.73 ,$187.18 ,$181.66 
4/22/22,$184.11 ,36426770,$190.37 ,$192.72 ,$183.27 
4/21/22,$188.07 ,49954080,$201.60 ,$202.97 ,$185.58 
4/20/22,$200.42 ,43036530,$213.61 ,$214.16 ,$198.92 
4/19/22,$217.31 ,20089870,$210.52 ,$218.43 ,$209.00 
4/18/22,$210.77 ,16580790,$210.00 ,$213.38 ,$208.30 
4/14/22,$210.18 ,18379460,$214.89 ,$214.99 ,$210.00 
4/13/22,$214.99 ,19231820,$211.82 ,$216.61 ,$211.33 
4/12/22,$214.14 ,20128830,$220.24 ,$222.03 ,$213.13 
4/11/22,$216.46 ,20516590,$218.42 ,$220.61 ,$215.22 
4/8/22,$222.33 ,18375710,$222.38 ,$225.13 ,$220.03 
4/7/22,$222.95 ,21037190,$223.93 ,$225.52 ,$218.56 
4/6/22,$223.30 ,28995080,$226.91 ,$228.99 ,$221.41 
4/5/22,$231.84 ,29727180,$234.08 ,$236.86 ,$231.02 
4/4/22,$233.89 ,28100830,$225.98 ,$234.35 ,$225.86 
4/1/22,$224.85 ,19544760,$224.55 ,$227.28 ,$222.70 
3/31/22,$222.36 ,24192270,$228.45 ,$228.49 ,$222.26 
3/30/22,$227.85 ,25588050,$228.91 ,$231.15 ,$226.71 
3/29/22,$229.86 ,31417860,$226.07 ,$230.89 ,$225.29 
3/28/22,$223.59 ,26224140,$222.13 ,$224.04 ,$219.54 
3/25/22,$221.82 ,40039030,$220.51 ,$225.50 ,$218.89 
3/24/22,$219.57 ,31502310,$215.00 ,$220.67 ,$214.79 
3/23/22,$213.46 ,23717320,$213.33 ,$216.80 ,$212.16 
3/22/22,$216.65 ,31998800,$211.37 ,$219.46 ,$210.18 
3/21/22,$211.49 ,30142340,$214.50 ,$214.71 ,$207.63 
3/18/22,$216.49 ,52127980,$206.70 ,$216.80 ,$206.00 
3/17/22,$207.84 ,29499680,$201.70 ,$208.04 ,$201.11 
3/16/22,$203.63 ,40640260,$194.70 ,$203.73 ,$194.52 
3/15/22,$192.03 ,31721680,$190.80 ,$192.28 ,$185.91 
3/14/22,$186.63 ,31010460,$187.03 ,$192.29 ,$185.82 
3/11/22,$187.61 ,34694530,$192.64 ,$193.56 ,$186.67 
3/10/22,$195.21 ,24852980,$194.84 ,$196.28 ,$191.07 
3/9/22,$198.50 ,31894700,$195.74 ,$199.10 ,$193.92 
3/8/22,$190.29 ,37508150,$187.85 ,$196.70 ,$186.11 
3/7/22,$187.47 ,38560610,$200.79 ,$200.89 ,$187.28 
3/4/22,$200.06 ,32146260,$202.37 ,$205.89 ,$198.79 
3/3/22,$202.97 ,27263520,$209.02 ,$209.08 ,$201.42 
3/2/22,$208.11 ,29452150,$204.78 ,$209.15 ,$202.02 
3/1/22,$203.49 ,27094900,$209.87 ,$211.75 ,$202.22 
2/28/22,$211.03 ,34239800,$207.68 ,$213.15 ,$206.83 
2/25/22,$210.48 ,37627550,$204.94 ,$211.32 ,$203.18 
2/24/22,$207.60 ,49957170,$191.06 ,$208.35 ,$190.22 
2/23/22,$198.45 ,44481360,$204.16 ,$206.94 ,$198.05 
2/22/22,$202.08 ,39852390,$202.34 ,$207.48 ,$200.06 
2/18/22,$206.16 ,37128440,$209.39 ,$210.75 ,$205.18 
2/17/22,$207.71 ,38747530,$214.02 ,$217.50 ,$207.16 
2/16/22,$216.54 ,45817460,$212.41 ,$217.46 ,$212.36 
2/15/22,$221.00 ,42685470,$220.47 ,$221.15 ,$215.06 
2/14/22,$217.70 ,38184040,$219.31 ,$221.00 ,$214.78 
2/11/22,$219.55 ,46156940,$228.46 ,$230.42 ,$218.77 
2/10/22,$228.07 ,49310360,$228.27 ,$235.00 ,$226.70 
2/9/22,$232.00 ,86563280,$224.20 ,$233.37 ,$222.21 
2/8/22,$220.18 ,94729670,$220.85 ,$225.77 ,$216.15 
2/7/22,$224.91 ,88613830,$237.70 ,$238.30 ,$224.01 
2/4/22,$237.09 ,89342250,$234.97 ,$242.61 ,$230.11 
2/3/22,$237.76 ,188119900,$244.65 ,$248.00 ,$235.75 
2/2/22,$323.00 ,58458280,$327.82 ,$328.00 ,$316.87 
2/1/22,$319.00 ,18023800,$314.56 ,$319.66 ,$312.12 
1/31/22,$313.26 ,21579470,$300.68 ,$313.79 ,$299.32 
1/28/22,$301.71 ,21871620,$295.62 ,$301.90 ,$293.03 
1/27/22,$294.64 ,21629920,$297.75 ,$301.71 ,$294.26 
1/26/22,$294.63 ,28348800,$307.01 ,$307.51 ,$290.85 
1/25/22,$300.15 ,25108450,$299.95 ,$306.23 ,$297.58 
1/24/22,$308.71 ,38936900,$297.84 ,$309.53 ,$289.01 
1/21/22,$303.17 ,28710720,$314.81 ,$318.31 ,$303.04 
1/20/22,$316.56 ,16925030,$323.90 ,$327.82 ,$315.98 
1/19/22,$319.59 ,20814740,$319.58 ,$327.10 ,$319.33 
1/18/22,$318.15 ,22677330,$323.29 ,$324.21 ,$317.64 
1/14/22,$331.90 ,16868500,$321.79 ,$332.73 ,$321.21 
1/13/22,$326.48 ,14797110,$334.98 ,$335.63 ,$325.76 
1/12/22,$333.26 ,14104860,$335.18 ,$336.37 ,$330.03 
1/11/22,$334.37 ,16226850,$326.78 ,$334.63 ,$325.28 
1/10/22,$328.07 ,24942380,$325.31 ,$328.34 ,$315.43 
1/7/22,$331.79 ,14722020,$332.74 ,$337.00 ,$328.88 
1/6/22,$332.46 ,27962810,$322.82 ,$339.17 ,$322.72 
1/5/22,$324.17 ,20564520,$333.02 ,$335.76 ,$323.84 
1/4/22,$336.53 ,15997970,$339.95 ,$343.09 ,$331.87 
1/3/22,$338.54 ,14562850,$338.30 ,$341.08 ,$337.19 
12/31/21,$336.35 ,12870480,$343.02 ,$343.44 ,$336.27 
12/30/21,$344.36 ,10593350,$344.00 ,$347.23 ,$343.22 
12/29/21,$342.94 ,10747010,$346.91 ,$349.69 ,$341.64 
12/28/21,$346.22 ,16637610,$346.63 ,$352.71 ,$345.20 
12/27/21,$346.18 ,17795030,$338.85 ,$347.87 ,$338.01 
12/23/21,$335.24 ,13987700,$330.10 ,$336.67 ,$328.36 
12/22/21,$330.45 ,16764570,$333.80 ,$334.51 ,$328.26 
12/21/21,$334.20 ,16116780,$326.41 ,$336.00 ,$323.75 
12/20/21,$325.45 ,17901780,$329.78 ,$329.90 ,$322.53 
12/17/21,$333.79 ,40012640,$332.80 ,$337.11 ,$330.75 
12/16/21,$334.90 ,22635030,$338.98 ,$344.46 ,$333.74 
12/15/21,$341.66 ,24681330,$332.49 ,$342.11 ,$323.98 
12/14/21,$333.74 ,20461020,$328.05 ,$335.70 ,$327.65 
12/13/21,$334.49 ,22948660,$330.95 ,$341.09 ,$329.59 
12/10/21,$329.75 ,14527970,$332.56 ,$335.03 ,$326.37 
12/9/21,$329.82 ,16879170,$329.54 ,$336.13 ,$328.00 
12/8/21,$330.56 ,19937720,$325.00 ,$332.75 ,$323.07 
12/7/21,$322.81 ,18794050,$321.57 ,$326.54 ,$321.00 
12/6/21,$317.87 ,21758340,$308.13 ,$320.10 ,$306.34 
12/3/21,$306.84 ,27471010,$313.73 ,$313.75 ,$299.50 
12/2/21,$310.39 ,24396170,$311.40 ,$314.60 ,$307.20 
12/1/21,$310.60 ,30384080,$330.29 ,$330.50 ,$310.29 
11/30/21,$324.46 ,25390010,$335.00 ,$335.81 ,$323.43 
11/29/21,$338.03 ,16650950,$336.89 ,$340.67 ,$335.31 
11/26/21,$333.12 ,14750740,$335.80 ,$337.75 ,$331.90 
11/24/21,$341.06 ,13566180,$336.00 ,$341.78 ,$332.81 
11/23/21,$337.25 ,17224990,$338.93 ,$341.40 ,$333.50 
11/22/21,$341.01 ,27116810,$349.05 ,$353.83 ,$340.51 
11/19/21,$345.30 ,26488540,$342.20 ,$352.10 ,$339.90 
11/18/21,$338.69 ,17487240,$339.72 ,$342.46 ,$335.30 
11/17/21,$340.77 ,13602810,$344.24 ,$347.30 ,$340.10 
11/16/21,$342.96 ,18181110,$343.83 ,$346.65 ,$340.87 
11/15/21,$347.56 ,25076600,$344.34 ,$353.65 ,$343.20 
11/12/21,$340.89 ,25414310,$330.18 ,$341.86 ,$329.78 
11/11/21,$327.74 ,12376560,$329.82 ,$332.46 ,$327.00 
11/10/21,$327.64 ,21872610,$332.49 ,$333.19 ,$325.51 
11/9/21,$335.37 ,17556720,$340.00 ,$341.31 ,$334.47 
11/8/21,$338.62 ,18342460,$344.42 ,$344.79 ,$338.34 
11/5/21,$341.13 ,26872820,$340.31 ,$346.79 ,$339.64 
11/4/21,$335.85 ,22495280,$334.01 ,$337.27 ,$332.65 
11/3/21,$331.62 ,20786500,$327.49 ,$332.15 ,$323.20 
11/2/21,$328.08 ,28352970,$331.38 ,$334.79 ,$323.80 
11/1/21,$329.98 ,31518890,$326.04 ,$333.45 ,$326.00 
10/29/21,$323.57 ,37059380,$320.19 ,$326.00 ,$319.60 
10/28/21,$316.92 ,50806840,$312.99 ,$325.52 ,$308.11 
10/27/21,$312.22 ,29971760,$314.19 ,$319.25 ,$312.06 
10/26/21,$315.81 ,65654040,$328.26 ,$330.21 ,$309.60 
10/25/21,$328.69 ,38408960,$320.30 ,$329.56 ,$319.72 
10/22/21,$324.61 ,35224540,$326.35 ,$329.63 ,$321.11 
10/21/21,$341.88 ,16354420,$340.28 ,$342.31 ,$337.80 
10/20/21,$340.78 ,13639470,$343.45 ,$343.98 ,$339.45 
10/19/21,$339.99 ,18786320,$339.65 ,$342.46 ,$337.28 
10/18/21,$335.34 ,21585020,$328.95 ,$335.89 ,$327.50 
10/15/21,$324.76 ,21596370,$328.68 ,$329.07 ,$322.51 
10/14/21,$328.53 ,14302150,$328.36 ,$330.52 ,$327.10 
10/13/21,$324.54 ,14761470,$326.97 ,$327.00 ,$322.66 
10/12/21,$323.77 ,31658680,$323.03 ,$324.38 ,$317.37 
10/11/21,$325.45 ,14708220,$327.63 ,$330.46 ,$325.31 
10/8/21,$330.05 ,15946110,$331.51 ,$333.40 ,$328.71 
10/7/21,$329.22 ,28307460,$337.00 ,$338.84 ,$328.98 
10/6/21,$333.64 ,26443010,$329.74 ,$334.38 ,$325.80 
10/5/21,$332.96 ,35377950,$328.58 ,$335.18 ,$326.16 
10/4/21,$326.23 ,42884980,$335.53 ,$335.94 ,$322.70 
10/1/21,$343.01 ,14905310,$341.61 ,$345.02 ,$338.64 
9/30/21,$339.39 ,16547090,$340.45 ,$342.80 ,$338.15 
9/29/21,$339.61 ,14452240,$343.15 ,$345.23 ,$338.88 
9/28/21,$340.65 ,21710290,$347.97 ,$349.60 ,$338.92 
9/27/21,$353.58 ,15205840,$349.81 ,$355.15 ,$347.08 
9/24/21,$352.96 ,18801930,$343.24 ,$354.35 ,$342.37 
9/23/21,$345.96 ,21806260,$345.36 ,$349.67 ,$343.00 
9/22/21,$343.21 ,43692860,$347.23 ,$349.84 ,$340.69 
9/21/21,$357.48 ,11751920,$358.50 ,$360.04 ,$355.19 
9/20/21,$355.70 ,19822770,$359.30 ,$361.03 ,$349.80 
9/17/21,$364.72 ,26298970,$371.41 ,$371.41 ,$361.59 
9/16/21,$373.06 ,11934220,$372.79 ,$373.56 ,$369.71 
9/15/21,$373.92 ,17940300,$377.00 ,$377.56 ,$367.67 
9/14/21,$376.53 ,8711569,$377.40 ,$378.59 ,$375.11 
9/13/21,$376.51 ,13026280,$381.68 ,$381.75 ,$374.35 
9/10/21,$378.69 ,11549600,$381.36 ,$383.79 ,$378.26 
9/9/21,$378.00 ,9098941,$377.64 ,$379.83 ,$376.57 
9/8/21,$377.57 ,11067170,$380.16 ,$380.87 ,$374.79 
9/7/21,$382.18 ,10798920,$375.88 ,$382.96 ,$373.15 
9/3/21,$376.26 ,7511356,$374.75 ,$377.16 ,$373.11 
9/2/21,$375.28 ,14838270,$381.50 ,$381.75 ,$374.06 
9/1/21,$382.05 ,11567160,$379.59 ,$384.33 ,$378.81 
8/31/21,$379.38 ,12345350,$379.95 ,$382.76 ,$378.80 
8/30/21,$380.66 ,13547260,$372.56 ,$381.49 ,$370.52 
8/27/21,$372.63 ,11219140,$365.10 ,$373.74 ,$364.08 
8/26/21,$364.38 ,7888683,$368.38 ,$369.44 ,$364.13 
8/25/21,$368.39 ,9684519,$365.60 ,$370.86 ,$365.40 
8/24/21,$365.51 ,9235148,$363.66 ,$367.96 ,$361.84 
8/23/21,$363.35 ,10942010,$359.44 ,$365.69 ,$359.10 
8/20/21,$359.37 ,8697667,$354.60 ,$359.99 ,$353.31 
8/19/21,$355.12 ,12004540,$351.35 ,$357.57 ,$351.00 
8/18/21,$355.45 ,10042380,$356.25 ,$359.86 ,$355.15 
8/17/21,$358.45 ,12328740,$362.98 ,$364.67 ,$355.07 
8/16/21,$366.56 ,11232270,$362.52 ,$366.95 ,$357.38 
8/13/21,$363.18 ,7195724,$362.97 ,$364.66 ,$361.48 
8/12/21,$362.65 ,7175206,$358.45 ,$363.00 ,$357.11 
8/11/21,$359.96 ,8400332,$362.10 ,$362.36 ,$357.81 
8/10/21,$361.13 ,7469878,$361.83 ,$364.10 ,$359.04 
8/9/21,$361.61 ,7798872,$363.76 ,$365.78 ,$360.75 
8/6/21,$363.51 ,8925017,$361.40 ,$365.15 ,$361.40 
8/5/21,$362.97 ,10247210,$359.64 ,$363.90 ,$356.90 
8/4/21,$358.92 ,14180570,$352.42 ,$360.48 ,$351.51 
8/3/21,$351.24 ,12406050,$352.73 ,$353.77 ,$347.70 
8/2/21,$351.95 ,13180440,$358.10 ,$359.40 ,$350.74 
7/30/21,$356.30 ,15976180,$354.00 ,$360.73 ,$352.94 
7/29/21,$358.32 ,33413240,$361.00 ,$365.52 ,$356.74 
7/28/21,$373.28 ,29676910,$374.56 ,$377.55 ,$366.93 
7/27/21,$367.81 ,15705450,$371.91 ,$373.15 ,$364.55 
7/26/21,$372.46 ,14925220,$369.58 ,$374.44 ,$368.22 
7/23/21,$369.79 ,33694330,$360.91 ,$375.33 ,$357.19 
7/22/21,$351.19 ,12385440,$346.68 ,$351.54 ,$345.21 
7/21/21,$346.23 ,9279657,$341.50 ,$346.52 ,$341.25 
7/20/21,$341.66 ,11024280,$338.80 ,$343.45 ,$334.50 
7/19/21,$336.95 ,14372350,$337.57 ,$339.79 ,$334.54 
7/16/21,$341.16 ,11026090,$344.91 ,$345.99 ,$340.14 
7/15/21,$344.46 ,14781590,$349.23 ,$349.23 ,$340.22 
7/14/21,$347.63 ,13894220,$354.56 ,$355.20 ,$346.73 
7/13/21,$352.09 ,11455960,$351.50 ,$358.49 ,$348.80 
7/12/21,$353.16 ,10018620,$351.23 ,$354.19 ,$349.64 
7/9/21,$350.42 ,13018690,$345.32 ,$350.71 ,$345.27 
7/8/21,$345.65 ,14406460,$345.73 ,$348.33 ,$342.56 
7/7/21,$350.49 ,14218870,$355.26 ,$356.49 ,$350.00 
7/6/21,$352.78 ,13488460,$356.50 ,$358.79 ,$349.18 
7/2/21,$354.70 ,11524610,$355.10 ,$356.44 ,$352.62 
7/1/21,$354.39 ,17137020,$346.82 ,$354.67 ,$346.50 
6/30/21,$347.71 ,15107510,$352.17 ,$352.92 ,$347.17 
6/29/21,$351.89 ,21417310,$356.27 ,$356.74 ,$349.05 
6/28/21,$355.64 ,29156130,$342.46 ,$358.14 ,$341.77 
6/25/21,$341.37 ,14594440,$342.59 ,$344.12 ,$339.68 
6/24/21,$343.18 ,12329100,$341.85 ,$344.90 ,$341.79 
6/23/21,$340.59 ,14817820,$339.35 ,$343.42 ,$338.20 
6/22/21,$339.03 ,15345300,$332.69 ,$339.92 ,$332.60 
6/21/21,$332.29 ,11337520,$331.09 ,$332.92 ,$327.65 
6/18/21,$329.66 ,23039460,$334.53 ,$336.15 ,$329.00 
6/17/21,$336.51 ,17794080,$330.49 ,$337.98 ,$330.15 
6/16/21,$331.08 ,17232160,$336.70 ,$337.55 ,$328.72 
6/15/21,$336.75 ,15795230,$336.99 ,$339.92 ,$335.03 
6/14/21,$336.77 ,12250800,$331.90 ,$336.82 ,$329.81 
6/11/21,$331.26 ,13587920,$332.58 ,$332.83 ,$328.93 
6/10/21,$332.46 ,13240230,$330.79 ,$333.94 ,$328.55 
6/9/21,$330.25 ,13727950,$335.74 ,$336.80 ,$330.00 
6/8/21,$333.68 ,14580460,$336.70 ,$338.30 ,$332.24 
6/7/21,$336.58 ,20136710,$329.48 ,$337.69 ,$328.93 
6/4/21,$330.35 ,13289380,$325.90 ,$332.46 ,$325.18 
6/3/21,$326.04 ,12610790,$325.78 ,$327.38 ,$323.48 
6/2/21,$329.15 ,11654280,$330.38 ,$331.87 ,$327.12 
6/1/21,$329.13 ,11765910,$330.15 ,$331.42 ,$326.64 
5/28/21,$328.73 ,12037430,$331.00 ,$332.87 ,$328.33 
5/27/21,$332.75 ,20477730,$328.00 ,$333.78 ,$326.76 
5/26/21,$327.66 ,9686917,$328.35 ,$329.83 ,$325.82 
5/25/21,$327.79 ,16436970,$327.08 ,$329.18 ,$324.80 
5/24/21,$324.63 ,16445360,$318.21 ,$325.95 ,$318.03 
5/21/21,$316.23 ,13600900,$319.29 ,$319.93 ,$315.81 
5/20/21,$318.61 ,17320240,$313.58 ,$319.25 ,$313.16 
5/19/21,$313.59 ,19106240,$304.19 ,$314.66 ,$303.57 
5/18/21,$309.96 ,14522400,$315.59 ,$316.50 ,$309.81 
5/17/21,$315.46 ,15371050,$313.55 ,$315.68 ,$311.58 
5/14/21,$315.94 ,19245720,$309.54 ,$316.85 ,$309.08 
5/13/21,$305.26 ,18079160,$306.08 ,$308.86 ,$302.77 
5/12/21,$302.55 ,24641010,$301.13 ,$304.96 ,$298.19 
5/11/21,$306.53 ,18920090,$300.75 ,$306.84 ,$299.69 
5/10/21,$305.97 ,24239170,$314.35 ,$314.58 ,$304.83 
5/7/21,$319.08 ,15916740,$322.38 ,$322.94 ,$318.75 
5/6/21,$320.02 ,19012240,$314.52 ,$320.24 ,$313.28 
5/5/21,$315.02 ,15577610,$318.19 ,$321.06 ,$314.49 
5/4/21,$318.36 ,24032560,$320.03 ,$322.19 ,$313.12 
5/3/21,$322.58 ,18719460,$326.17 ,$328.55 ,$321.84 
4/30/21,$325.08 ,26332420,$326.14 ,$329.82 ,$324.50 
4/29/21,$329.51 ,56526770,$330.12 ,$331.81 ,$321.61 
4/28/21,$307.10 ,33907210,$307.36 ,$310.92 ,$305.37 
4/27/21,$303.57 ,15309260,$304.28 ,$305.34 ,$301.11 
4/26/21,$303.04 ,16172590,$303.34 ,$305.80 ,$301.56 
4/23/21,$301.13 ,17559500,$298.76 ,$302.59 ,$297.15 
4/22/21,$296.52 ,16375350,$301.33 ,$302.92 ,$296.04 
4/21/21,$301.47 ,14863470,$301.95 ,$301.98 ,$297.39 
4/20/21,$302.65 ,16796440,$301.99 ,$305.10 ,$297.21 
4/19/21,$302.24 ,14553510,$305.01 ,$307.70 ,$300.56 
4/16/21,$306.18 ,13059160,$308.17 ,$308.95 ,$304.61 
4/15/21,$307.82 ,14558270,$306.34 ,$310.14 ,$304.10 
4/14/21,$302.82 ,17421390,$307.30 ,$308.03 ,$301.95 
4/13/21,$309.76 ,14036930,$312.21 ,$314.43 ,$309.32 
4/12/21,$311.54 ,10881940,$311.05 ,$312.15 ,$307.93 
4/9/21,$312.46 ,15988570,$311.40 ,$314.74 ,$310.33 
4/8/21,$313.02 ,20894150,$314.85 ,$315.88 ,$310.05 
4/7/21,$313.09 ,22855240,$306.34 ,$314.25 ,$305.50 
4/6/21,$306.26 ,17335250,$308.84 ,$311.35 ,$305.25 
4/5/21,$308.91 ,28237010,$300.89 ,$310.77 ,$300.68 
4/1/21,$298.66 ,17615980,$298.40 ,$302.40 ,$296.60 
3/31/21,$294.53 ,19498160,$289.99 ,$296.50 ,$288.61 
3/30/21,$288.00 ,17474540,$289.83 ,$292.47 ,$286.70 
3/29/21,$290.82 ,21718830,$285.77 ,$293.18 ,$284.70 
3/26/21,$283.02 ,17629190,$278.30 ,$284.50 ,$277.77 
3/25/21,$278.74 ,24505650,$280.98 ,$288.06 ,$277.75 
3/24/21,$282.14 ,18675050,$291.00 ,$291.72 ,$281.16 
3/23/21,$290.63 ,23000930,$293.15 ,$298.00 ,$289.81 
3/22/21,$293.54 ,28273070,$290.45 ,$299.71 ,$286.75 
3/19/21,$290.11 ,38930540,$281.22 ,$292.80 ,$281.20 
3/18/21,$278.62 ,18754850,$279.87 ,$285.19 ,$278.28 
3/17/21,$284.01 ,21315040,$275.71 ,$286.23 ,$275.41 
3/16/21,$279.28 ,22437670,$276.09 ,$282.14 ,$274.80 
3/15/21,$273.75 ,16856750,$269.08 ,$275.96 ,$268.50 
3/12/21,$268.40 ,20600200,$269.14 ,$269.74 ,$264.02 
3/11/21,$273.88 ,21833980,$268.11 ,$277.90 ,$267.82 
3/10/21,$264.90 ,14210320,$268.64 ,$268.97 ,$262.87 
3/9/21,$265.74 ,22039740,$261.18 ,$268.53 ,$259.81 
3/8/21,$255.31 ,18391770,$265.55 ,$265.58 ,$255.05 
3/5/21,$264.28 ,26820060,$260.67 ,$265.45 ,$255.61 
3/4/21,$257.64 ,31626460,$256.47 ,$266.49 ,$253.50 
3/3/21,$255.41 ,15513520,$260.29 ,$260.99 ,$255.10 
3/2/21,$259.00 ,15191720,$265.78 ,$266.71 ,$258.65 
3/1/21,$264.91 ,22157260,$260.82 ,$266.65 ,$257.90 
2/26/21,$257.62 ,26619520,$256.47 ,$265.55 ,$256.47 
2/25/21,$254.69 ,19053140,$262.30 ,$266.94 ,$254.04 
2/24/21,$264.31 ,15736120,$262.33 ,$266.38 ,$258.39 
2/23/21,$265.86 ,21924560,$259.50 ,$267.46 ,$254.96 
2/22/21,$260.33 ,17434870,$257.95 ,$263.07 ,$257.53 
2/19/21,$261.56 ,25622590,$269.86 ,$270.27 ,$260.15 
2/18/21,$269.39 ,15249130,$269.57 ,$271.95 ,$266.03 
2/17/21,$273.57 ,12763240,$271.24 ,$273.97 ,$269.58 
2/16/21,$273.97 ,15417240,$270.80 ,$276.60 ,$270.05 
2/12/21,$270.50 ,9097597,$270.52 ,$271.18 ,$268.34 
2/11/21,$270.39 ,12828570,$271.89 ,$273.58 ,$268.49 
2/10/21,$271.87 ,14687150,$272.45 ,$273.80 ,$267.72 
2/9/21,$269.45 ,14613380,$266.44 ,$273.39 ,$265.75 
2/8/21,$266.58 ,13755190,$268.75 ,$269.86 ,$265.00 
2/5/21,$268.10 ,12454370,$266.80 ,$269.17 ,$265.67 
2/4/21,$266.49 ,16059960,$267.01 ,$268.16 ,$264.00 
2/3/21,$266.65 ,14223380,$265.62 ,$269.20 ,$263.84 
2/2/21,$267.08 ,17320790,$264.00 ,$268.85 ,$263.27 
2/1/21,$262.01 ,22914260,$259.52 ,$264.17 ,$254.91 
1/29/21,$258.33 ,30389500,$265.30 ,$266.56 ,$254.85 
1/28/21,$265.00 ,37758840,$277.18 ,$286.79 ,$264.70 
1/27/21,$272.14 ,35346190,$282.53 ,$283.45 ,$268.12 
1/26/21,$282.05 ,19373640,$278.14 ,$285.39 ,$277.81 
1/25/21,$278.01 ,19086990,$278.14 ,$280.10 ,$271.51 
1/22/21,$274.50 ,21954040,$272.01 ,$278.47 ,$272.00 
1/21/21,$272.87 ,20838690,$269.26 ,$273.60 ,$267.49 
1/20/21,$267.48 ,25199920,$268.93 ,$270.32 ,$263.60 
1/19/21,$261.10 ,28028550,$256.90 ,$262.20 ,$252.72 
1/15/21,$251.36 ,24942930,$247.90 ,$253.86 ,$247.16 
1/14/21,$245.64 ,29739400,$253.40 ,$255.03 ,$244.61 
1/13/21,$251.64 ,19528940,$251.55 ,$253.95 ,$249.20 
1/12/21,$251.09 ,26449940,$256.63 ,$259.72 ,$250.30 
1/11/21,$256.84 ,30412290,$260.48 ,$263.47 ,$255.90 
1/8/21,$267.57 ,18528250,$268.31 ,$268.95 ,$263.18 
1/7/21,$268.74 ,15789760,$265.90 ,$271.61 ,$264.78 
1/6/21,$263.31 ,24354150,$262.00 ,$267.75 ,$260.01 
1/5/21,$270.97 ,9871557,$268.29 ,$272.40 ,$268.21 
1/4/21,$268.94 ,15106110,$274.78 ,$275.00 ,$265.20 
12/31/20,$273.16 ,12900410,$272.00 ,$277.09 ,$269.81 
12/30/20,$271.87 ,11803800,$277.95 ,$278.08 ,$271.71 
12/29/20,$276.78 ,16383000,$276.95 ,$280.51 ,$276.28 
12/28/20,$277.00 ,23299710,$268.74 ,$277.30 ,$265.66 
12/24/20,$267.40 ,6702033,$268.88 ,$270.40 ,$266.20 
12/23/20,$268.11 ,14329040,$266.89 ,$272.17 ,$266.23 
12/22/20,$267.09 ,17335000,$271.50 ,$271.50 ,$264.63 
12/21/20,$272.79 ,16553740,$272.98 ,$274.67 ,$267.79 
12/18/20,$276.40 ,26693250,$275.78 ,$278.00 ,$271.14 
12/17/20,$274.48 ,16377840,$277.07 ,$280.44 ,$273.61 
12/16/20,$275.67 ,15885000,$274.76 ,$277.86 ,$272.51 
12/15/20,$275.55 ,23979460,$274.83 ,$276.08 ,$267.47 
12/14/20,$274.19 ,16376880,$273.37 ,$277.22 ,$271.56 
12/11/20,$273.55 ,14391400,$274.53 ,$276.48 ,$270.25 
12/10/20,$277.12 ,20065090,$275.54 ,$278.73 ,$271.86 
12/9/20,$277.92 ,25189710,$283.66 ,$287.63 ,$271.75 
12/8/20,$283.40 ,10747650,$286.01 ,$286.43 ,$281.55 
12/7/20,$285.58 ,13007670,$279.19 ,$288.49 ,$278.20 
12/4/20,$279.70 ,10880300,$280.30 ,$283.46 ,$279.30 
12/3/20,$281.85 ,12921690,$286.25 ,$286.65 ,$281.07 
12/2/20,$287.52 ,17361620,$285.36 ,$291.78 ,$280.83 
12/1/20,$286.55 ,20777910,$279.16 ,$289.30 ,$278.96 
11/30/20,$276.97 ,16693340,$276.03 ,$277.70 ,$271.01 
11/27/20,$277.81 ,7808426,$277.39 ,$279.13 ,$274.82 
11/25/20,$275.59 ,12467010,$278.14 ,$280.18 ,$272.65 
11/24/20,$276.92 ,16930420,$268.49 ,$277.82 ,$267.87 
11/23/20,$268.43 ,20990790,$270.89 ,$270.95 ,$264.53 
11/20/20,$269.70 ,18122410,$272.56 ,$273.00 ,$269.41 
11/19/20,$272.94 ,12963660,$271.03 ,$273.47 ,$269.19 
11/18/20,$271.97 ,12152950,$274.52 ,$277.39 ,$271.84 
11/17/20,$275.00 ,15040300,$277.68 ,$277.68 ,$273.29 
11/16/20,$278.96 ,12970350,$275.05 ,$279.41 ,$274.63 
11/13/20,$276.95 ,10400100,$277.72 ,$277.76 ,$273.10 
11/12/20,$275.08 ,12914210,$277.18 ,$279.75 ,$274.43 
11/11/20,$276.48 ,14956950,$273.47 ,$278.40 ,$272.48 
11/10/20,$272.43 ,29067690,$273.10 ,$274.00 ,$264.00 
11/9/20,$278.77 ,25117650,$289.87 ,$292.58 ,$278.53 
11/6/20,$293.41 ,13890970,$293.95 ,$294.60 ,$288.06 
11/5/20,$294.68 ,23823630,$291.90 ,$297.38 ,$288.95 
11/4/20,$287.38 ,35364420,$281.00 ,$288.94 ,$278.62 
11/3/20,$265.30 ,17961860,$263.16 ,$270.05 ,$260.88 
11/2/20,$261.36 ,27165680,$264.60 ,$270.47 ,$257.34 
10/30/20,$263.11 ,47299000,$274.50 ,$276.70 ,$259.10 
10/29/20,$280.83 ,32368120,$276.55 ,$283.60 ,$273.78 
10/28/20,$267.67 ,23121810,$278.79 ,$278.79 ,$267.26 
10/27/20,$283.29 ,16287250,$278.76 ,$284.51 ,$276.31 
10/26/20,$277.11 ,21322930,$283.16 ,$285.23 ,$274.26 
10/23/20,$284.79 ,17535160,$278.80 ,$285.24 ,$276.82 
10/22/20,$278.12 ,16720030,$279.87 ,$282.45 ,$275.04 
10/21/20,$278.73 ,28998640,$279.56 ,$283.05 ,$276.37 
10/20/20,$267.56 ,18763250,$263.06 ,$269.70 ,$262.88 
10/19/20,$261.40 ,13586960,$265.53 ,$268.55 ,$259.88 
10/16/20,$265.93 ,16622700,$267.38 ,$271.37 ,$265.30 
10/15/20,$266.72 ,15416060,$267.60 ,$269.04 ,$263.67 
10/14/20,$271.82 ,15601150,$277.62 ,$278.75 ,$271.50 
10/13/20,$276.14 ,18063340,$277.58 ,$279.10 ,$273.39 
10/12/20,$275.75 ,31019260,$270.20 ,$280.18 ,$267.87 
10/9/20,$264.45 ,14107800,$264.52 ,$264.75 ,$262.17 
10/8/20,$263.76 ,16312760,$259.75 ,$264.62 ,$259.15 
10/7/20,$258.12 ,23133420,$259.21 ,$260.18 ,$254.82 
10/6/20,$258.66 ,18696920,$261.78 ,$265.69 ,$258.24 
10/5/20,$264.65 ,12822250,$262.20 ,$264.87 ,$260.84 
10/2/20,$259.94 ,16367600,$261.21 ,$265.15 ,$259.18 
10/1/20,$266.63 ,20009800,$265.35 ,$268.33 ,$264.80 
9/30/20,$261.90 ,20142550,$261.98 ,$266.09 ,$260.10 
9/29/20,$261.79 ,20215500,$257.81 ,$263.33 ,$256.90 
9/28/20,$256.82 ,18826250,$259.40 ,$259.60 ,$254.82 
9/25/20,$254.82 ,18351310,$249.40 ,$255.75 ,$246.61 
9/24/20,$249.53 ,20006750,$246.50 ,$252.24 ,$245.62 
9/23/20,$249.02 ,19641270,$255.26 ,$257.99 ,$248.15 
9/22/20,$254.75 ,30293100,$253.31 ,$255.32 ,$248.22 
9/21/20,$248.15 ,24709380,$247.54 ,$249.95 ,$244.13 
9/18/20,$252.53 ,28130770,$258.41 ,$259.20 ,$250.05 
9/17/20,$254.82 ,31281440,$258.28 ,$261.50 ,$250.19 
9/16/20,$263.52 ,29207590,$267.29 ,$272.44 ,$261.79 
9/15/20,$272.42 ,18478530,$270.67 ,$274.52 ,$269.30 
9/14/20,$266.15 ,24093830,$270.95 ,$276.64 ,$265.70 
9/11/20,$266.61 ,18913880,$270.06 ,$271.39 ,$262.64 
9/10/20,$268.09 ,24814670,$275.51 ,$279.16 ,$267.03 
9/9/20,$273.72 ,22918770,$275.77 ,$278.48 ,$271.35 
9/8/20,$271.16 ,24864000,$271.28 ,$279.30 ,$269.42 
9/4/20,$282.73 ,30333670,$287.25 ,$289.00 ,$271.14 
9/3/20,$291.12 ,32294090,$295.99 ,$297.60 ,$283.63 
9/2/20,$302.50 ,24341370,$298.88 ,$303.60 ,$293.05 
9/1/20,$295.44 ,17320870,$294.71 ,$301.49 ,$292.71 
8/31/20,$293.20 ,17345130,$293.95 ,$296.88 ,$291.55 
8/28/20,$293.66 ,17172420,$295.00 ,$297.23 ,$290.98 
8/27/20,$293.22 ,30301310,$300.16 ,$301.23 ,$292.02 
8/26/20,$303.91 ,69015150,$284.00 ,$304.67 ,$284.00 
8/25/20,$280.82 ,42127240,$272.41 ,$283.09 ,$270.26 
8/24/20,$271.39 ,23685600,$271.07 ,$277.25 ,$268.77 
8/21/20,$267.01 ,15538620,$268.69 ,$270.49 ,$266.42 
8/20/20,$269.01 ,20299690,$261.50 ,$269.63 ,$261.46 
8/19/20,$262.59 ,23291460,$261.39 ,$267.91 ,$261.35 
8/18/20,$262.34 ,18690380,$260.95 ,$265.15 ,$259.26 
8/17/20,$261.16 ,13351060,$262.50 ,$264.10 ,$259.40 
8/14/20,$261.24 ,14792710,$262.31 ,$262.65 ,$258.68 
8/13/20,$261.30 ,17373970,$261.55 ,$265.16 ,$259.57 
8/12/20,$259.89 ,21428330,$258.97 ,$263.90 ,$258.11 
8/11/20,$256.13 ,28238280,$260.19 ,$265.92 ,$255.13 
8/10/20,$263.00 ,30248830,$268.04 ,$273.86 ,$259.69 
8/7/20,$268.44 ,72766360,$264.08 ,$278.89 ,$263.43 
8/6/20,$265.28 ,45241610,$249.04 ,$266.60 ,$248.67 
8/5/20,$249.12 ,13088360,$250.19 ,$252.27 ,$247.77 
8/4/20,$249.83 ,17183530,$251.56 ,$252.80 ,$247.43 
8/3/20,$251.96 ,23134100,$252.65 ,$255.40 ,$250.33 
7/31/20,$253.67 ,53030040,$255.82 ,$255.85 ,$249.00 
7/30/20,$234.50 ,20615310,$230.22 ,$234.89 ,$229.00 
7/29/20,$233.29 ,13588320,$231.14 ,$233.70 ,$230.31 
7/28/20,$230.12 ,14170110,$234.63 ,$234.96 ,$229.83 
7/27/20,$233.50 ,13163080,$231.46 ,$234.95 ,$230.83 
7/24/20,$230.71 ,18325810,$230.19 ,$233.49 ,$226.90 
7/23/20,$232.60 ,21771800,$239.63 ,$242.42 ,$231.75 
7/22/20,$239.87 ,15427890,$240.26 ,$241.90 ,$238.12 
7/21/20,$241.75 ,19409690,$246.22 ,$246.91 ,$240.08 
7/20/20,$245.42 ,20872220,$240.06 ,$246.05 ,$235.64 
7/17/20,$242.03 ,18152410,$241.00 ,$244.16 ,$237.86 
7/16/20,$240.93 ,18880710,$238.00 ,$241.76 ,$236.33 
7/15/20,$240.28 ,19133560,$241.55 ,$244.82 ,$238.05 
7/14/20,$239.73 ,23378060,$236.76 ,$240.33 ,$232.03 
7/13/20,$239.00 ,24674870,$247.01 ,$250.15 ,$238.42 
7/10/20,$245.07 ,22982720,$243.69 ,$245.49 ,$239.32 
7/9/20,$244.50 ,22174900,$245.00 ,$246.53 ,$239.24 
7/8/20,$243.58 ,29791340,$238.11 ,$246.99 ,$236.59 
7/7/20,$240.86 ,27887790,$239.41 ,$247.65 ,$238.82 
7/6/20,$240.28 ,26206160,$233.76 ,$240.40 ,$232.27 
7/2/20,$233.42 ,30633620,$239.00 ,$240.00 ,$232.61 
7/1/20,$237.55 ,43399740,$228.50 ,$239.00 ,$227.56 
6/30/20,$227.07 ,33927070,$220.59 ,$227.50 ,$218.47 
6/29/20,$220.64 ,58514280,$209.75 ,$220.75 ,$207.11 
6/26/20,$216.08 ,76343940,$232.64 ,$233.09 ,$215.40 
6/25/20,$235.68 ,18704340,$234.62 ,$237.30 ,$232.74 
6/24/20,$234.02 ,20834900,$241.20 ,$243.22 ,$232.68 
6/23/20,$242.24 ,24017920,$241.28 ,$245.19 ,$239.86 
6/22/20,$239.22 ,18917780,$238.56 ,$240.70 ,$236.91 
6/19/20,$238.79 ,30081290,$237.79 ,$240.83 ,$235.55 
6/18/20,$235.94 ,15782450,$234.99 ,$236.14 ,$232.15 
6/17/20,$235.53 ,19578130,$235.00 ,$237.59 ,$231.73 
6/16/20,$235.65 ,15236690,$237.14 ,$238.46 ,$233.00 
6/15/20,$232.50 ,15340260,$225.09 ,$233.77 ,$224.80 
6/12/20,$228.58 ,22091390,$229.90 ,$231.66 ,$224.50 
6/11/20,$224.43 ,26708160,$229.94 ,$232.89 ,$223.55 
6/10/20,$236.73 ,20720710,$240.96 ,$241.21 ,$235.28 
6/9/20,$238.67 ,27462870,$231.52 ,$239.77 ,$230.41 
6/8/20,$231.40 ,15466500,$229.03 ,$231.55 ,$227.41 
6/5/20,$230.77 ,16750440,$226.71 ,$231.35 ,$225.31 
6/4/20,$226.29 ,17041480,$229.56 ,$231.63 ,$224.61 
6/3/20,$230.16 ,15380280,$232.11 ,$232.65 ,$228.53 
6/2/20,$232.72 ,20919020,$230.94 ,$233.00 ,$226.56 
6/1/20,$231.91 ,18223840,$224.59 ,$232.44 ,$223.50 
5/29/20,$225.09 ,23322480,$225.20 ,$227.49 ,$222.88 
5/28/20,$225.46 ,29423010,$224.30 ,$231.63 ,$224.00 
5/27/20,$229.14 ,34697550,$229.07 ,$230.56 ,$221.13 
5/26/20,$232.20 ,33178320,$239.77 ,$240.90 ,$231.67 
5/22/20,$234.91 ,33925560,$231.51 ,$235.99 ,$228.74 
5/21/20,$231.39 ,47782640,$234.72 ,$237.20 ,$231.20 
5/20/20,$229.97 ,50162880,$223.50 ,$231.34 ,$223.19 
5/19/20,$216.88 ,31843150,$213.27 ,$220.49 ,$212.83 
5/18/20,$213.19 ,20167440,$212.15 ,$214.64 ,$210.94 
5/15/20,$210.88 ,19383150,$205.27 ,$211.34 ,$204.12 
5/14/20,$206.81 ,17178950,$202.56 ,$206.93 ,$200.69 
5/13/20,$205.10 ,20684560,$209.43 ,$210.78 ,$202.11 
5/12/20,$210.10 ,14704650,$213.29 ,$215.28 ,$210.00 
5/11/20,$213.18 ,12911950,$210.89 ,$215.00 ,$210.37 
5/8/20,$212.35 ,12524050,$212.24 ,$213.21 ,$210.85 
5/7/20,$211.26 ,15151980,$211.16 ,$211.60 ,$209.04 
5/6/20,$208.47 ,21856960,$208.12 ,$211.60 ,$206.66 
5/5/20,$207.07 ,21071220,$207.02 ,$210.38 ,$206.50 
5/4/20,$205.26 ,19250670,$200.20 ,$205.91 ,$198.76 
5/1/20,$202.27 ,30415580,$201.60 ,$207.28 ,$199.05 
4/30/20,$204.71 ,46230120,$206.92 ,$209.69 ,$201.57 
4/29/20,$194.19 ,45954520,$190.93 ,$196.91 ,$190.00 
4/28/20,$182.91 ,21730990,$188.66 ,$189.20 ,$182.56 
4/27/20,$187.50 ,29197750,$192.66 ,$193.75 ,$187.41 
4/24/20,$190.07 ,28868530,$183.23 ,$190.41 ,$180.83 
4/23/20,$185.13 ,21426600,$184.08 ,$187.05 ,$183.15 
4/22/20,$182.28 ,33369930,$178.45 ,$184.78 ,$178.14 
4/21/20,$170.80 ,24850530,$175.25 ,$175.38 ,$168.34 
4/20/20,$178.24 ,16110580,$177.41 ,$180.50 ,$176.77 
4/17/20,$179.24 ,20974750,$179.20 ,$180.28 ,$176.66 
4/16/20,$176.25 ,23593230,$177.95 ,$178.05 ,$172.51 
4/15/20,$176.97 ,17423000,$175.19 ,$178.19 ,$172.82 
4/14/20,$178.17 ,21011820,$178.98 ,$181.23 ,$176.62 
4/13/20,$174.79 ,19355360,$173.67 ,$175.00 ,$169.45 
4/9/20,$175.19 ,23534290,$175.90 ,$177.08 ,$171.57 
4/8/20,$174.28 ,21664200,$171.25 ,$175.00 ,$167.74 
4/7/20,$168.83 ,31411920,$171.79 ,$173.39 ,$166.01 
4/6/20,$165.55 ,28453580,$160.15 ,$166.20 ,$158.51 
4/3/20,$154.18 ,25983320,$157.15 ,$157.91 ,$150.83 
4/2/20,$158.19 ,20886310,$159.10 ,$161.35 ,$155.92 
4/1/20,$159.60 ,19507560,$161.62 ,$164.15 ,$158.04 
3/31/20,$166.80 ,23676280,$165.48 ,$170.93 ,$164.20 
3/30/20,$165.95 ,22515230,$159.18 ,$166.75 ,$158.06 
3/27/20,$156.79 ,24879870,$158.20 ,$160.09 ,$154.75 
3/26/20,$163.34 ,26579020,$158.25 ,$164.00 ,$157.02 
3/25/20,$156.21 ,35184270,$158.92 ,$162.99 ,$153.06 
3/24/20,$160.98 ,30440370,$155.21 ,$161.31 ,$152.57 
3/23/20,$148.10 ,29830770,$149.66 ,$152.31 ,$142.25 
3/20/20,$149.73 ,32568400,$156.02 ,$159.27 ,$148.00 
3/19/20,$153.13 ,39862310,$146.62 ,$159.93 ,$144.80 
3/18/20,$146.96 ,37553140,$139.75 ,$148.18 ,$137.10 
3/17/20,$149.42 ,34255600,$150.74 ,$153.94 ,$140.00 
3/16/20,$146.01 ,39120420,$152.32 ,$159.13 ,$143.10 
3/13/20,$170.28 ,35028630,$163.53 ,$170.79 ,$157.60 
3/12/20,$154.47 ,43266340,$159.54 ,$166.60 ,$154.34 
3/11/20,$170.24 ,20397200,$174.01 ,$175.88 ,$167.66 
3/10/20,$178.19 ,24517790,$174.67 ,$178.29 ,$169.50 
3/9/20,$169.50 ,29949040,$169.60 ,$175.00 ,$165.19 
3/6/20,$181.09 ,24559550,$178.33 ,$183.78 ,$176.26 
3/5/20,$185.17 ,19333430,$186.78 ,$188.99 ,$183.89 
3/4/20,$191.76 ,23062470,$189.17 ,$191.83 ,$186.39 
3/3/20,$185.89 ,27984100,$196.22 ,$197.24 ,$183.97 
3/2/20,$196.44 ,24948960,$194.03 ,$196.57 ,$188.85 
2/28/20,$192.47 ,32583490,$182.70 ,$192.74 ,$181.82 
2/27/20,$189.75 ,21682630,$191.82 ,$195.88 ,$189.50 
2/26/20,$197.20 ,16555210,$197.19 ,$201.21 ,$195.49 
2/25/20,$196.77 ,21433490,$202.25 ,$203.50 ,$195.95 
2/24/20,$200.72 ,23080060,$201.80 ,$203.65 ,$198.17 
2/21/20,$210.18 ,14098430,$213.48 ,$214.24 ,$208.83 
2/20/20,$214.58 ,13109210,$216.52 ,$218.77 ,$212.95 
2/19/20,$217.49 ,12135110,$217.99 ,$218.32 ,$216.11 
2/18/20,$217.80 ,15630030,$213.55 ,$217.98 ,$213.40 
2/14/20,$214.18 ,10741750,$214.00 ,$214.93 ,$212.65 
2/13/20,$213.14 ,15396630,$209.52 ,$214.33 ,$209.18 
2/12/20,$210.76 ,13813700,$207.85 ,$211.22 ,$207.40 
2/11/20,$207.19 ,25030810,$210.19 ,$210.86 ,$206.51 
2/10/20,$213.06 ,11856350,$211.52 ,$213.80 ,$210.66 
2/7/20,$212.33 ,12242530,$210.30 ,$212.82 ,$209.93 
2/6/20,$210.85 ,10567530,$210.47 ,$211.19 ,$209.34 
2/5/20,$210.11 ,12538150,$212.51 ,$212.73 ,$208.71 
2/4/20,$209.83 ,19628890,$206.62 ,$210.60 ,$205.20 
2/3/20,$204.19 ,15510510,$203.44 ,$205.14 ,$202.50 
1/31/20,$201.91 ,31359920,$208.43 ,$208.69 ,$201.06 
1/30/20,$209.53 ,48775500,$206.53 ,$211.43 ,$204.75 
1/29/20,$223.23 ,33610010,$221.44 ,$224.20 ,$218.45 
1/28/20,$217.79 ,13413840,$216.14 ,$218.74 ,$213.52 
1/27/20,$214.87 ,13810660,$213.10 ,$216.06 ,$212.50 
1/24/20,$217.94 ,11905820,$220.80 ,$221.78 ,$216.11 
1/23/20,$219.76 ,11195000,$220.75 ,$221.49 ,$219.27 
1/22/20,$221.32 ,12212810,$222.31 ,$222.75 ,$221.28 
1/21/20,$221.44 ,14275780,$222.16 ,$222.37 ,$219.12 
1/17/20,$222.14 ,15905940,$222.03 ,$222.29 ,$220.53 
1/16/20,$221.77 ,10015290,$222.57 ,$222.63 ,$220.39 
1/15/20,$221.15 ,10036480,$220.61 ,$221.68 ,$220.14 
1/14/20,$219.06 ,13315360,$221.61 ,$222.38 ,$218.63 
1/13/20,$221.91 ,14494520,$219.60 ,$221.97 ,$219.21 
1/10/20,$218.06 ,12127430,$219.20 ,$219.88 ,$217.42 
1/9/20,$218.30 ,12679580,$217.54 ,$218.38 ,$216.28 
1/8/20,$215.22 ,13492700,$213.00 ,$216.24 ,$212.61 
1/7/20,$213.06 ,15111860,$212.82 ,$214.58 ,$211.75 
1/6/20,$212.60 ,17073860,$206.70 ,$212.78 ,$206.52 
1/3/20,$208.67 ,11197420,$207.21 ,$210.40 ,$206.95 
1/2/20,$209.78 ,12090710,$206.75 ,$209.79 ,$206.27 
12/31/19,$205.25 ,8962756,$204.00 ,$205.56 ,$203.60 
12/30/19,$204.41 ,10534440,$207.86 ,$207.90 ,$203.90 
12/27/19,$208.10 ,10287630,$208.67 ,$208.93 ,$206.59 
12/26/19,$207.79 ,9368273,$205.57 ,$207.82 ,$205.31 
12/24/19,$205.12 ,6046273,$206.30 ,$206.79 ,$205.00 
12/23/19,$206.18 ,13353190,$206.70 ,$208.59 ,$205.68 
12/20/19,$206.30 ,27315230,$207.48 ,$207.71 ,$203.43 
12/19/19,$206.06 ,16808180,$202.78 ,$206.30 ,$202.51 
12/18/19,$202.50 ,23284750,$200.09 ,$204.30 ,$200.09 
12/17/19,$198.39 ,10177610,$198.84 ,$199.00 ,$196.13 
12/16/19,$197.92 ,14922730,$195.27 ,$199.12 ,$194.81 
12/13/19,$194.11 ,18806020,$196.40 ,$196.80 ,$193.17 
12/12/19,$196.75 ,23766990,$202.35 ,$203.66 ,$194.10 
12/11/19,$202.26 ,8041827,$200.28 ,$202.63 ,$200.28 
12/10/19,$200.87 ,9485568,$201.66 ,$202.05 ,$200.15 
12/9/19,$201.34 ,12013220,$200.65 ,$203.14 ,$200.21 
12/6/19,$201.05 ,12279530,$200.50 ,$201.57 ,$200.06 
12/5/19,$199.36 ,9755350,$199.86 ,$201.29 ,$198.21 
12/4/19,$198.71 ,8459939,$200.00 ,$200.03 ,$198.05 
12/3/19,$198.82 ,13014170,$197.60 ,$198.93 ,$195.08 
12/2/19,$199.70 ,11542020,$202.13 ,$202.18 ,$198.05 
11/29/19,$201.64 ,7985231,$201.60 ,$203.80 ,$201.21 
11/27/19,$202.00 ,12760570,$199.90 ,$203.14 ,$199.42 
11/26/19,$198.97 ,11748660,$200.00 ,$200.15 ,$198.04 
11/25/19,$199.79 ,15286440,$199.52 ,$200.97 ,$199.25 
11/22/19,$198.82 ,9959817,$198.38 ,$199.30 ,$197.62 
11/21/19,$197.93 ,12130990,$197.42 ,$199.09 ,$196.86 
11/20/19,$197.51 ,12370240,$198.58 ,$199.59 ,$195.43 
11/19/19,$199.32 ,19070290,$197.40 ,$200.00 ,$196.86 
11/18/19,$197.40 ,16176110,$194.56 ,$198.63 ,$193.05 
11/15/19,$195.10 ,11530230,$194.26 ,$195.30 ,$193.38 
11/14/19,$193.15 ,9059897,$192.93 ,$194.03 ,$191.45 
11/13/19,$193.19 ,11009800,$194.70 ,$195.70 ,$192.74 
11/12/19,$194.47 ,17615450,$190.00 ,$195.06 ,$189.74 
11/11/19,$189.61 ,8637768,$189.93 ,$190.08 ,$188.54 
11/8/19,$190.84 ,10764780,$190.00 ,$192.34 ,$189.70 
11/7/19,$190.42 ,13473000,$191.91 ,$193.44 ,$189.47 
11/6/19,$191.55 ,10973020,$194.03 ,$194.37 ,$191.35 
11/5/19,$194.32 ,9941954,$195.37 ,$195.75 ,$193.60 
11/4/19,$194.72 ,16371290,$194.55 ,$197.37 ,$193.81 
11/1/19,$193.62 ,21711830,$192.85 ,$194.11 ,$189.91 
10/31/19,$191.65 ,42286530,$196.70 ,$198.09 ,$188.25 
10/30/19,$188.25 ,28734560,$189.56 ,$190.45 ,$185.98 
10/29/19,$189.31 ,13574870,$191.69 ,$192.53 ,$188.47 
10/28/19,$189.40 ,13657870,$187.20 ,$189.53 ,$185.08 
10/25/19,$187.89 ,8061240,$185.83 ,$189.00 ,$185.09 
10/24/19,$186.38 ,11505410,$184.62 ,$186.73 ,$182.80 
10/23/19,$186.15 ,12370820,$182.01 ,$186.38 ,$182.00 
10/22/19,$182.34 ,19854190,$190.00 ,$190.65 ,$181.50 
10/21/19,$189.76 ,8580744,$187.04 ,$189.91 ,$186.75 
10/18/19,$185.85 ,16882860,$190.23 ,$191.49 ,$183.92 
10/17/19,$190.39 ,9761548,$190.30 ,$190.84 ,$188.77 
10/16/19,$189.55 ,10560340,$188.32 ,$189.70 ,$186.90 
10/15/19,$188.89 ,15143120,$183.80 ,$190.38 ,$183.66 
10/14/19,$183.28 ,7203665,$184.20 ,$184.62 ,$182.57 
10/11/19,$184.19 ,14998750,$182.15 ,$186.49 ,$182.14 
10/10/19,$180.03 ,8980978,$180.32 ,$181.61 ,$179.17 
10/9/19,$179.85 ,7648874,$179.16 ,$180.72 ,$177.94 
10/8/19,$177.75 ,10084900,$178.26 ,$180.37 ,$177.72 
10/7/19,$179.68 ,9359793,$180.00 ,$181.18 ,$178.09 
10/4/19,$180.45 ,10476400,$179.55 ,$180.98 ,$178.10 
10/3/19,$179.38 ,16789320,$175.57 ,$179.84 ,$173.63 
10/2/19,$174.60 ,16374150,$174.84 ,$176.53 ,$173.09 
10/1/19,$175.81 ,17261560,$179.15 ,$179.84 ,$174.88 
9/30/19,$178.08 ,11071430,$177.87 ,$178.67 ,$176.85 
9/27/19,$177.10 ,14663580,$180.49 ,$180.76 ,$175.66 
9/26/19,$180.11 ,16280690,$181.33 ,$181.40 ,$177.67 
9/25/19,$182.80 ,18339960,$181.45 ,$183.42 ,$177.87 
9/24/19,$181.28 ,18775670,$187.98 ,$188.04 ,$180.39 
9/23/19,$186.82 ,14370090,$189.34 ,$190.10 ,$185.21 
9/20/19,$189.93 ,20359880,$190.66 ,$193.10 ,$188.12 
9/19/19,$190.14 ,10474690,$188.66 ,$191.10 ,$188.15 
9/18/19,$188.14 ,9945798,$188.09 ,$189.08 ,$186.01 
9/17/19,$188.08 ,9751570,$186.66 ,$188.32 ,$185.54 
9/16/19,$186.22 ,8444844,$186.93 ,$187.79 ,$185.77 
9/13/19,$187.19 ,11441120,$187.33 ,$187.97 ,$186.54 
9/12/19,$187.47 ,11419780,$189.86 ,$190.93 ,$187.23 
9/11/19,$188.49 ,11761660,$186.46 ,$189.44 ,$186.08 
9/10/19,$186.17 ,15455870,$187.44 ,$188.10 ,$184.55 
9/9/19,$188.76 ,14722400,$187.73 ,$188.98 ,$185.85 
9/6/19,$187.49 ,15226820,$190.21 ,$190.21 ,$186.35 
9/5/19,$190.90 ,13896620,$188.53 ,$191.36 ,$187.94 
9/4/19,$187.14 ,11314570,$184.65 ,$187.75 ,$183.89 
9/3/19,$182.39 ,9792187,$184.00 ,$185.67 ,$182.11 
8/30/19,$185.67 ,10785720,$186.78 ,$186.80 ,$183.46 
8/29/19,$185.57 ,10135030,$183.77 ,$186.08 ,$183.47 
8/28/19,$181.76 ,9392060,$180.53 ,$181.95 ,$178.92 
8/27/19,$181.30 ,14408950,$181.93 ,$184.04 ,$181.01 
8/26/19,$180.36 ,8780477,$179.40 ,$180.50 ,$178.24 
8/23/19,$177.75 ,17331220,$180.84 ,$183.13 ,$176.66 
8/22/19,$182.04 ,10829510,$183.43 ,$184.11 ,$179.91 
8/21/19,$183.55 ,8409548,$185.00 ,$185.90 ,$183.14 
8/20/19,$183.81 ,10087590,$185.45 ,$186.00 ,$182.39 
8/19/19,$186.17 ,9699661,$186.01 ,$187.50 ,$184.85 
8/16/19,$183.70 ,12844830,$183.75 ,$185.10 ,$182.36 
8/15/19,$182.59 ,13059640,$180.95 ,$183.20 ,$180.03 
8/14/19,$179.71 ,18903720,$185.80 ,$185.99 ,$179.31 
8/13/19,$188.45 ,13653320,$185.52 ,$191.38 ,$185.37 
8/12/19,$185.37 ,10936280,$186.85 ,$187.59 ,$184.46 
8/9/19,$187.85 ,11058810,$190.00 ,$190.98 ,$187.12 
8/8/19,$190.16 ,14828920,$186.62 ,$190.34 ,$184.05 
8/7/19,$185.15 ,15833200,$183.60 ,$186.37 ,$181.22 
8/6/19,$184.51 ,18035690,$183.69 ,$185.79 ,$183.09 
8/5/19,$181.73 ,23086660,$184.69 ,$185.67 ,$179.34 
8/2/19,$189.02 ,15296980,$191.10 ,$192.62 ,$188.07 
8/1/19,$192.73 ,17777010,$194.17 ,$198.47 ,$190.88 
7/31/19,$194.23 ,14593540,$196.95 ,$198.76 ,$192.68 
7/30/19,$197.04 ,11903560,$195.39 ,$198.71 ,$193.50 
7/29/19,$195.94 ,16530800,$199.00 ,$199.63 ,$195.30 
7/26/19,$199.75 ,24433990,$200.19 ,$202.88 ,$196.25 
7/25/19,$200.71 ,39889870,$206.70 ,$208.66 ,$198.26 
7/24/19,$204.66 ,32532540,$197.63 ,$204.81 ,$197.22 
7/23/19,$202.36 ,14583680,$202.84 ,$204.24 ,$200.96 
7/22/19,$202.32 ,13589020,$199.91 ,$202.57 ,$198.81 
7/19/19,$198.36 ,12098260,$202.18 ,$202.33 ,$198.07 
7/18/19,$200.78 ,11956550,$200.15 ,$202.47 ,$199.38 
7/17/19,$201.80 ,12083710,$204.18 ,$204.36 ,$201.59 
7/16/19,$203.84 ,12132720,$203.89 ,$205.47 ,$203.10 
7/15/19,$203.91 ,16030340,$204.25 ,$205.33 ,$201.82 
7/12/19,$204.87 ,15366270,$199.68 ,$205.30 ,$199.16 
7/11/19,$201.23 ,13678460,$203.26 ,$203.80 ,$200.21 
7/10/19,$202.73 ,20571700,$200.00 ,$202.96 ,$199.67 
7/9/19,$199.21 ,14698610,$194.97 ,$199.46 ,$194.89 
7/8/19,$195.76 ,9723858,$195.19 ,$196.68 ,$193.64 
7/5/19,$196.40 ,11164110,$196.18 ,$197.07 ,$194.17 
7/3/19,$197.20 ,10246120,$194.16 ,$197.40 ,$194.16 
7/2/19,$195.00 ,9049979,$193.00 ,$195.00 ,$192.71 
7/1/19,$193.00 ,14204690,$195.21 ,$195.28 ,$191.93 
6/28/19,$193.00 ,16378880,$190.55 ,$193.20 ,$189.94 
6/27/19,$189.50 ,11158980,$189.88 ,$189.95 ,$188.27 
6/26/19,$187.66 ,12808600,$189.54 ,$190.76 ,$187.31 
6/25/19,$188.84 ,16750310,$192.88 ,$193.14 ,$188.13 
6/24/19,$192.60 ,15508960,$192.42 ,$193.98 ,$191.57 
6/21/19,$191.14 ,22751160,$188.75 ,$192.00 ,$188.75 
6/20/19,$189.53 ,14635740,$190.95 ,$191.16 ,$187.64 
6/19/19,$187.48 ,21417090,$187.00 ,$188.10 ,$184.55 
6/18/19,$188.47 ,37571350,$194.00 ,$194.53 ,$187.28 
6/17/19,$189.01 ,29459880,$185.01 ,$189.50 ,$184.41 
6/14/19,$181.33 ,16773690,$180.51 ,$181.84 ,$180.00 
6/13/19,$177.47 ,12253570,$175.53 ,$178.03 ,$174.61 
6/12/19,$175.04 ,17699810,$178.38 ,$179.27 ,$172.88 
6/11/19,$178.10 ,15266640,$178.48 ,$179.98 ,$176.79 
6/10/19,$174.82 ,14767920,$174.75 ,$177.86 ,$173.80 
6/7/19,$173.35 ,16917340,$170.17 ,$173.87 ,$168.84 
6/6/19,$168.33 ,12446350,$168.30 ,$169.70 ,$167.23 
6/5/19,$168.17 ,19758320,$167.48 ,$168.72 ,$164.63 
6/4/19,$167.50 ,46044260,$163.71 ,$168.28 ,$160.84 
6/3/19,$164.15 ,56059610,$175.00 ,$175.05 ,$161.01 
5/31/19,$177.47 ,15226540,$180.28 ,$180.54 ,$177.16 
5/30/19,$183.01 ,8581544,$183.08 ,$183.48 ,$180.89 
5/29/19,$182.19 ,12797690,$183.50 ,$184.56 ,$181.35 
5/28/19,$184.31 ,14843310,$181.54 ,$184.71 ,$181.45 
5/24/19,$181.06 ,8807701,$182.33 ,$183.63 ,$180.83 
5/23/19,$180.87 ,12768840,$182.42 ,$183.90 ,$179.67 
5/22/19,$185.32 ,9213801,$184.73 ,$186.74 ,$183.61 
5/21/19,$184.82 ,7502820,$184.57 ,$185.70 ,$183.89 
5/20/19,$182.72 ,10351980,$181.88 ,$184.23 ,$181.37 
5/17/19,$185.30 ,10485370,$184.84 ,$187.58 ,$184.28 
5/16/19,$186.99 ,12953110,$185.05 ,$188.58 ,$185.05 
5/15/19,$186.27 ,16746900,$180.42 ,$187.28 ,$180.02 
5/14/19,$180.73 ,17628140,$182.52 ,$183.49 ,$178.10 
5/13/19,$181.54 ,16833350,$183.50 ,$185.43 ,$180.84 
5/10/19,$188.34 ,12578510,$188.25 ,$190.00 ,$184.59 
5/9/19,$188.65 ,12967030,$187.20 ,$189.77 ,$186.26 
5/8/19,$189.54 ,12505740,$189.39 ,$190.72 ,$188.55 
5/7/19,$189.77 ,16253000,$192.54 ,$192.90 ,$187.85 
5/6/19,$193.88 ,13994930,$191.24 ,$194.28 ,$190.55 
5/3/19,$195.47 ,14575430,$194.38 ,$196.16 ,$193.71 
5/2/19,$192.53 ,13209450,$193.00 ,$194.00 ,$189.75 
5/1/19,$193.03 ,15996650,$194.78 ,$196.18 ,$193.01 
4/30/19,$193.40 ,23309400,$194.19 ,$197.39 ,$192.28 
4/29/19,$194.78 ,19538750,$190.95 ,$195.41 ,$190.65 
4/26/19,$191.49 ,21947170,$192.50 ,$192.90 ,$189.09 
4/25/19,$193.26 ,54088650,$196.98 ,$198.48 ,$192.12 
4/24/19,$182.58 ,34957090,$184.49 ,$185.14 ,$181.65 
4/23/19,$183.78 ,19631900,$182.74 ,$184.22 ,$181.48 
4/22/19,$181.44 ,13348950,$178.25 ,$181.67 ,$178.25 
4/18/19,$178.28 ,11639990,$178.80 ,$178.88 ,$177.34 
4/17/19,$178.78 ,9520718,$179.60 ,$180.74 ,$178.36 
4/16/19,$178.87 ,11185690,$179.00 ,$180.17 ,$178.30 
4/15/19,$179.65 ,10827980,$178.50 ,$180.50 ,$176.87 
4/12/19,$179.10 ,12321770,$178.00 ,$179.63 ,$177.95 
4/11/19,$177.51 ,8048582,$178.24 ,$178.40 ,$177.00 
4/10/19,$177.82 ,11684940,$178.18 ,$178.79 ,$176.54 
4/9/19,$177.58 ,19599420,$175.62 ,$179.19 ,$175.55 
4/8/19,$174.93 ,7287902,$175.21 ,$175.50 ,$174.23 
4/5/19,$175.72 ,9499559,$176.88 ,$177.00 ,$175.10 
4/4/19,$176.02 ,17768670,$176.02 ,$178.00 ,$175.53 
4/3/19,$173.54 ,27380570,$174.50 ,$177.96 ,$172.95 
4/2/19,$174.20 ,23926430,$170.14 ,$174.90 ,$169.55 
4/1/19,$168.70 ,10122200,$167.83 ,$168.90 ,$167.28 
3/29/19,$166.69 ,13450640,$166.39 ,$167.19 ,$164.81 
3/28/19,$165.55 ,10457910,$164.57 ,$166.72 ,$163.33 
3/27/19,$165.87 ,10603100,$167.85 ,$168.94 ,$164.79 
3/26/19,$167.68 ,15274610,$167.35 ,$169.45 ,$166.35 
3/25/19,$166.29 ,12306150,$163.00 ,$166.54 ,$162.00 
3/22/19,$164.34 ,16375210,$165.65 ,$167.42 ,$164.09 
3/21/19,$166.08 ,16049850,$164.89 ,$166.39 ,$163.75 
3/20/19,$165.44 ,19934930,$161.50 ,$166.12 ,$161.24 
3/19/19,$161.57 ,24608800,$161.48 ,$163.82 ,$160.82 
3/18/19,$160.47 ,35094650,$163.57 ,$163.90 ,$159.28 
3/15/19,$165.98 ,37088870,$167.16 ,$167.58 ,$162.51 
3/14/19,$170.17 ,17882100,$169.76 ,$171.15 ,$168.16 
3/13/19,$173.37 ,11514940,$172.32 ,$174.03 ,$172.12 
3/12/19,$171.92 ,12136730,$172.09 ,$173.80 ,$171.22 
3/11/19,$172.07 ,18534610,$171.60 ,$174.30 ,$171.58 
3/8/19,$169.60 ,12737410,$166.20 ,$169.62 ,$165.97 
3/7/19,$169.13 ,18200280,$171.50 ,$171.74 ,$167.61 
3/6/19,$172.51 ,20775850,$172.90 ,$173.57 ,$171.27 
3/5/19,$171.26 ,26581790,$167.37 ,$171.88 ,$166.55 
3/4/19,$167.37 ,18864670,$163.90 ,$167.50 ,$163.83 
3/1/19,$162.28 ,11022100,$162.60 ,$163.13 ,$161.69 
2/28/19,$161.45 ,11083060,$162.37 ,$163.50 ,$160.86 
2/27/19,$162.81 ,12685830,$162.90 ,$163.93 ,$160.41 
2/26/19,$164.13 ,13630540,$164.34 ,$166.24 ,$163.80 
2/25/19,$164.62 ,17615000,$163.07 ,$166.07 ,$162.90 
2/22/19,$161.89 ,15845990,$160.58 ,$162.41 ,$160.31 
2/21/19,$160.04 ,15455630,$161.93 ,$162.24 ,$159.59 
2/20/19,$162.56 ,11758420,$162.25 ,$163.72 ,$161.25 
2/19/19,$162.29 ,14320590,$160.50 ,$164.15 ,$160.33 
2/15/19,$162.50 ,15485430,$164.51 ,$164.70 ,$160.86 
2/14/19,$163.95 ,12696560,$163.19 ,$164.87 ,$162.25 
2/13/19,$164.07 ,14168500,$165.38 ,$166.22 ,$163.73 
2/12/19,$165.04 ,16241390,$166.86 ,$168.34 ,$164.50 
2/11/19,$165.79 ,12694750,$167.90 ,$168.30 ,$165.08 
2/8/19,$167.33 ,12485700,$164.47 ,$167.37 ,$164.21 
2/7/19,$166.38 ,17206800,$168.20 ,$169.24 ,$165.25 
2/6/19,$170.49 ,13254460,$171.20 ,$172.47 ,$169.27 
2/5/19,$171.16 ,21723960,$169.15 ,$171.98 ,$168.69 
2/4/19,$169.25 ,19980980,$165.70 ,$169.30 ,$163.62 
2/1/19,$165.71 ,30742790,$165.84 ,$169.10 ,$165.66 
1/31/19,$166.69 ,77005780,$165.60 ,$171.68 ,$165.00 
1/30/19,$150.42 ,41676170,$146.22 ,$150.95 ,$145.70 
1/29/19,$144.19 ,17451800,$148.09 ,$148.10 ,$143.43 
1/28/19,$147.47 ,15242960,$148.05 ,$148.96 ,$146.21 
1/25/19,$149.01 ,22227160,$147.48 ,$149.83 ,$146.54 
1/24/19,$145.83 ,20932280,$144.64 ,$146.44 ,$142.52 
1/23/19,$144.30 ,20060100,$148.28 ,$148.80 ,$143.06 
1/22/19,$147.57 ,22310570,$149.20 ,$151.53 ,$146.37 
1/18/19,$150.04 ,30631520,$149.75 ,$152.43 ,$148.55 
1/17/19,$148.30 ,15480790,$146.95 ,$149.00 ,$146.50 
1/16/19,$147.54 ,17977150,$149.00 ,$149.65 ,$147.00 
1/15/19,$148.95 ,24036820,$146.01 ,$150.68 ,$145.99 
1/14/19,$145.39 ,19864680,$142.00 ,$146.57 ,$141.27 
1/11/19,$143.80 ,12780600,$143.15 ,$145.36 ,$142.57 
1/10/19,$144.20 ,16057330,$143.08 ,$144.56 ,$140.84 
1/9/19,$144.23 ,22131500,$142.95 ,$144.70 ,$141.27 
1/8/19,$142.53 ,26191030,$139.89 ,$143.14 ,$139.54 
1/7/19,$138.05 ,19988840,$137.56 ,$138.87 ,$135.91 
1/4/19,$137.95 ,27973370,$134.01 ,$138.00 ,$133.75 
1/3/19,$131.74 ,22448730,$134.69 ,$137.17 ,$131.12 
1/2/19,$135.68 ,27967450,$128.99 ,$137.51 ,$128.56 
12/31/18,$131.09 ,24552820,$134.45 ,$134.64 ,$129.95 
12/28/18,$133.20 ,22351260,$135.34 ,$135.92 ,$132.20 
12/27/18,$134.52 ,30305940,$132.44 ,$134.99 ,$129.67 
12/26/18,$134.18 ,39526860,$126.00 ,$134.24 ,$125.89 
12/24/18,$124.06 ,22066000,$123.10 ,$129.74 ,$123.02 
12/21/18,$124.95 ,56624760,$133.39 ,$134.90 ,$123.42 
12/20/18,$133.40 ,40202130,$130.70 ,$135.57 ,$130.00 
12/19/18,$133.24 ,57110060,$141.21 ,$144.91 ,$132.50 
12/18/18,$143.66 ,23678090,$141.08 ,$145.93 ,$139.83 
12/17/18,$140.19 ,23838160,$143.08 ,$144.92 ,$138.42 
12/14/18,$144.06 ,21773500,$143.34 ,$146.01 ,$142.51 
12/13/18,$145.01 ,18090420,$145.57 ,$145.85 ,$143.19 
12/12/18,$144.50 ,23349970,$143.08 ,$147.19 ,$142.51 
12/11/18,$142.08 ,19429850,$143.88 ,$143.88 ,$141.10 
12/10/18,$141.85 ,26315700,$139.60 ,$143.05 ,$139.01 
12/7/18,$137.42 ,20583170,$139.25 ,$140.87 ,$136.66 
12/6/18,$139.63 ,27625310,$133.82 ,$139.70 ,$133.67 
12/4/18,$137.93 ,30227750,$140.73 ,$143.39 ,$137.16 
12/3/18,$141.09 ,24697080,$143.00 ,$143.68 ,$140.76 
11/30/18,$140.61 ,25716150,$138.26 ,$140.97 ,$137.36 
11/29/18,$138.68 ,23935390,$135.92 ,$139.99 ,$135.66 
11/28/18,$136.76 ,28701670,$136.28 ,$136.79 ,$131.85 
11/27/18,$135.00 ,20477390,$135.75 ,$136.61 ,$133.71 
11/26/18,$136.38 ,23459920,$133.00 ,$137.00 ,$132.78 
11/23/18,$131.73 ,11886130,$133.65 ,$134.50 ,$131.26 
11/21/18,$134.82 ,25365750,$134.40 ,$137.19 ,$134.13 
11/20/18,$132.43 ,41888940,$127.03 ,$134.16 ,$126.85 
11/19/18,$131.55 ,44051860,$137.61 ,$137.75 ,$131.21 
11/16/18,$139.53 ,37139590,$141.07 ,$141.77 ,$137.77 
11/15/18,$143.85 ,29803280,$142.33 ,$144.84 ,$140.83 
11/14/18,$144.22 ,22019830,$143.70 ,$145.58 ,$141.55 
11/13/18,$142.16 ,15062230,$142.00 ,$144.88 ,$141.62 
11/12/18,$141.55 ,18387680,$144.48 ,$145.04 ,$140.49 
11/9/18,$144.96 ,17305480,$146.75 ,$147.76 ,$144.07 
11/8/18,$147.87 ,24061590,$150.49 ,$150.94 ,$146.74 
11/7/18,$151.53 ,21740210,$151.57 ,$153.01 ,$149.83 
11/6/18,$149.94 ,16302120,$149.31 ,$150.97 ,$148.00 
11/5/18,$148.68 ,15894150,$150.10 ,$150.19 ,$147.44 
11/2/18,$150.35 ,24479290,$151.80 ,$154.13 ,$148.96 
11/1/18,$151.75 ,25435380,$151.52 ,$152.75 ,$149.35 
10/31/18,$151.79 ,59983970,$155.00 ,$156.40 ,$148.96 
10/30/18,$146.22 ,45351650,$139.94 ,$146.64 ,$139.74 
10/29/18,$142.09 ,31270990,$148.50 ,$148.83 ,$139.03 
10/26/18,$145.37 ,31235150,$145.82 ,$149.00 ,$143.80 
10/25/18,$150.95 ,22000170,$147.73 ,$152.21 ,$147.00 
10/24/18,$146.04 ,27574300,$154.28 ,$154.65 ,$145.60 
10/23/18,$154.39 ,19066360,$151.22 ,$154.77 ,$150.85 
10/22/18,$154.78 ,15381630,$154.76 ,$157.34 ,$154.46 
10/19/18,$154.05 ,19636460,$155.86 ,$157.35 ,$153.55 
10/18/18,$154.92 ,21123820,$158.51 ,$158.66 ,$153.28 
10/17/18,$159.42 ,17307030,$159.56 ,$160.49 ,$157.95 
10/16/18,$158.78 ,18711620,$155.40 ,$159.46 ,$155.01 
10/15/18,$153.52 ,15194060,$153.32 ,$155.57 ,$152.55 
10/12/18,$153.74 ,25209770,$156.73 ,$156.89 ,$151.30 
10/11/18,$153.35 ,35225150,$150.13 ,$154.81 ,$149.16 
10/10/18,$151.38 ,30143210,$156.82 ,$157.69 ,$151.31 
10/9/18,$157.90 ,18494270,$157.69 ,$160.59 ,$157.42 
10/8/18,$157.25 ,23825100,$155.54 ,$158.34 ,$154.39 
10/5/18,$157.33 ,25727470,$159.21 ,$160.90 ,$156.20 
10/4/18,$158.85 ,25707300,$161.46 ,$161.46 ,$157.35 
10/3/18,$162.43 ,23086120,$160.00 ,$163.66 ,$159.53 
10/2/18,$159.33 ,35303190,$161.58 ,$162.28 ,$158.67 
10/1/18,$162.44 ,26260420,$163.03 ,$165.88 ,$161.26 
9/28/18,$164.46 ,33786480,$168.33 ,$168.79 ,$162.56 
9/27/18,$168.84 ,27192570,$167.55 ,$171.77 ,$167.21 
9/26/18,$166.95 ,24271500,$164.30 ,$169.30 ,$164.21 
9/25/18,$164.91 ,27430470,$161.99 ,$165.59 ,$161.15 
9/24/18,$165.41 ,18907320,$161.03 ,$165.70 ,$160.88 
9/21/18,$162.93 ,45847680,$166.64 ,$167.25 ,$162.81 
9/20/18,$166.02 ,18812060,$164.50 ,$166.45 ,$164.47 
9/19/18,$163.06 ,19568020,$160.08 ,$163.44 ,$159.48 
9/18/18,$160.30 ,22331470,$159.39 ,$161.76 ,$158.87 
9/17/18,$160.58 ,20951950,$161.92 ,$162.06 ,$159.77 
9/14/18,$162.32 ,21682850,$161.72 ,$162.84 ,$160.34 
9/13/18,$161.36 ,25376900,$162.00 ,$163.32 ,$160.86 
9/12/18,$162.00 ,24033850,$163.25 ,$164.49 ,$161.80 
9/11/18,$165.94 ,20285090,$163.94 ,$167.19 ,$163.72 
9/10/18,$164.18 ,19896190,$163.51 ,$165.01 ,$162.16 
9/7/18,$163.04 ,24151910,$160.31 ,$164.63 ,$160.16 
9/6/18,$162.53 ,41418330,$166.98 ,$166.98 ,$160.00 
9/5/18,$167.18 ,31191210,$169.49 ,$171.13 ,$166.67 
9/4/18,$171.16 ,29460630,$173.50 ,$173.89 ,$168.80 
8/31/18,$175.73 ,18025110,$177.15 ,$177.62 ,$174.98 
8/30/18,$177.64 ,24105390,$175.90 ,$179.79 ,$175.70 
8/29/18,$175.90 ,18357780,$176.30 ,$176.79 ,$174.75 
8/28/18,$176.26 ,15720690,$178.10 ,$178.24 ,$175.83 
8/27/18,$177.46 ,17853600,$175.99 ,$178.67 ,$175.79 
8/24/18,$174.65 ,14519920,$173.70 ,$174.82 ,$172.92 
8/23/18,$172.90 ,17945260,$173.09 ,$175.55 ,$172.83 
8/22/18,$173.64 ,16760320,$172.21 ,$174.24 ,$172.13 
8/21/18,$172.62 ,19475690,$172.81 ,$174.17 ,$171.39 
8/20/18,$172.50 ,21449120,$174.04 ,$174.57 ,$170.91 
8/17/18,$173.80 ,24819470,$174.50 ,$176.22 ,$172.04 
8/16/18,$174.70 ,31161240,$180.42 ,$180.50 ,$174.01 
8/15/18,$179.53 ,32658240,$179.34 ,$180.87 ,$174.78 
8/14/18,$181.11 ,18961200,$180.71 ,$181.99 ,$178.62 
8/13/18,$180.05 ,17349150,$180.10 ,$182.61 ,$178.90 
8/10/18,$180.26 ,21467940,$182.04 ,$182.10 ,$179.42 
8/9/18,$183.09 ,19652850,$185.85 ,$186.57 ,$182.48 
8/8/18,$185.18 ,22178460,$184.75 ,$186.85 ,$183.76 
8/7/18,$183.81 ,33127670,$186.50 ,$188.30 ,$183.72 
8/6/18,$185.69 ,49600350,$178.97 ,$185.79 ,$178.38 
8/3/18,$177.78 ,24730780,$177.69 ,$178.85 ,$176.15 
8/2/18,$176.37 ,32235750,$170.68 ,$176.79 ,$170.27 
8/1/18,$171.65 ,33979910,$173.93 ,$175.08 ,$170.90 
7/31/18,$172.58 ,40213830,$170.67 ,$174.24 ,$170.00 
7/30/18,$171.06 ,65129810,$175.30 ,$175.30 ,$166.56 
7/27/18,$174.89 ,59700640,$179.87 ,$179.93 ,$173.00 
7/26/18,$176.26 ,169059900,$174.89 ,$180.13 ,$173.75 
7/25/18,$217.50 ,45279590,$215.72 ,$218.62 ,$214.27 
7/24/18,$214.67 ,28318380,$215.11 ,$216.20 ,$212.60 
7/23/18,$210.91 ,15933870,$210.58 ,$211.62 ,$208.80 
7/20/18,$209.94 ,16152700,$208.85 ,$211.50 ,$208.50 
7/19/18,$208.09 ,11186170,$208.77 ,$209.99 ,$207.76 
7/18/18,$209.36 ,15322340,$209.82 ,$210.99 ,$208.44 
7/17/18,$209.99 ,15239470,$204.90 ,$210.46 ,$204.84 
7/16/18,$207.23 ,10866950,$207.50 ,$208.72 ,$206.84 
7/13/18,$207.32 ,11421420,$207.81 ,$208.43 ,$206.45 
7/12/18,$206.92 ,15439760,$203.43 ,$207.08 ,$203.19 
7/11/18,$202.54 ,12729340,$202.22 ,$204.50 ,$201.75 
7/10/18,$203.54 ,12868530,$204.50 ,$204.91 ,$202.26 
7/9/18,$204.74 ,18133700,$204.93 ,$205.80 ,$202.12 
7/6/18,$203.23 ,19687900,$198.45 ,$203.64 ,$197.70 
7/5/18,$198.45 ,19582000,$194.74 ,$198.65 ,$194.03 
7/3/18,$192.73 ,13489510,$194.55 ,$195.40 ,$192.52 
7/2/18,$197.36 ,13735130,$193.37 ,$197.45 ,$192.22 
6/29/18,$194.32 ,15516540,$197.32 ,$197.60 ,$193.96 
6/28/18,$196.23 ,18153600,$195.18 ,$197.34 ,$193.26 
6/27/18,$195.84 ,18697530,$199.18 ,$200.75 ,$195.80 
6/26/18,$199.00 ,17869610,$197.60 ,$199.10 ,$196.23 
6/25/18,$196.35 ,25170720,$200.00 ,$200.00 ,$193.11 
6/22/18,$201.74 ,17050440,$201.16 ,$202.24 ,$199.31 
6/21/18,$201.50 ,18906350,$202.76 ,$203.39 ,$200.09 
6/20/18,$202.00 ,28175590,$199.10 ,$203.55 ,$198.81 
6/19/18,$197.49 ,19968690,$196.24 ,$197.96 ,$193.79 
6/18/18,$198.31 ,16470990,$194.80 ,$199.58 ,$194.13 
6/15/18,$195.85 ,21833150,$195.79 ,$197.07 ,$194.64 
6/14/18,$196.81 ,19096760,$193.10 ,$197.28 ,$192.91 
6/13/18,$192.41 ,15121450,$192.74 ,$194.50 ,$191.91 
6/12/18,$192.40 ,11217070,$192.17 ,$193.28 ,$191.56 
6/11/18,$191.54 ,12885730,$188.81 ,$192.60 ,$188.80 
6/8/18,$189.10 ,12503130,$187.53 ,$189.48 ,$186.43 
6/7/18,$188.18 ,21451790,$190.75 ,$190.97 ,$186.77 
6/6/18,$191.34 ,22500160,$191.03 ,$192.53 ,$189.11 
6/5/18,$192.94 ,15059480,$194.30 ,$195.00 ,$192.62 
6/4/18,$193.28 ,18881330,$191.84 ,$193.98 ,$191.47 
6/1/18,$193.99 ,17278520,$193.07 ,$194.55 ,$192.07 
5/31/18,$191.78 ,30727790,$187.87 ,$192.72 ,$187.48 
5/30/18,$187.67 ,13636820,$186.54 ,$188.00 ,$185.25 
5/29/18,$185.74 ,16348650,$184.34 ,$186.81 ,$183.71 
5/25/18,$184.92 ,10730560,$186.02 ,$186.33 ,$184.45 
5/24/18,$185.93 ,11628050,$185.88 ,$186.80 ,$185.03 
5/23/18,$186.90 ,16594310,$182.50 ,$186.91 ,$182.18 
5/22/18,$183.80 ,12267860,$184.93 ,$185.42 ,$183.43 
5/21/18,$184.49 ,13078810,$183.77 ,$185.30 ,$183.13 
5/18/18,$182.68 ,13066220,$183.49 ,$184.19 ,$182.61 
5/17/18,$183.76 ,14695830,$182.68 ,$184.06 ,$182.22 
5/16/18,$183.20 ,16842080,$183.70 ,$184.32 ,$182.66 
5/15/18,$184.32 ,15409930,$184.88 ,$185.29 ,$183.20 
5/14/18,$186.64 ,15480030,$187.71 ,$187.86 ,$186.20 
5/11/18,$186.99 ,21197800,$184.85 ,$188.32 ,$184.18 
5/10/18,$185.53 ,20931530,$183.15 ,$186.13 ,$182.50 
5/9/18,$182.66 ,23266280,$179.67 ,$183.01 ,$178.78 
5/8/18,$178.92 ,15482580,$178.25 ,$179.04 ,$177.11 
5/7/18,$177.97 ,18302910,$177.35 ,$179.50 ,$177.17 
5/4/18,$176.61 ,17668270,$173.08 ,$176.98 ,$173.06 
5/3/18,$174.02 ,23908500,$175.13 ,$176.12 ,$172.12 
5/2/18,$176.07 ,29812020,$174.25 ,$178.08 ,$174.20 
5/1/18,$173.86 ,26001150,$172.00 ,$174.02 ,$170.23 
4/30/18,$172.00 ,20662060,$173.79 ,$175.72 ,$171.71 
4/27/18,$173.59 ,29773640,$176.81 ,$177.10 ,$172.60 
4/26/18,$174.16 ,77391810,$173.22 ,$176.27 ,$170.80 
4/25/18,$159.69 ,38451590,$160.15 ,$161.06 ,$156.19 
4/24/18,$159.69 ,34981150,$165.43 ,$166.10 ,$158.19 
4/23/18,$165.84 ,22894510,$167.27 ,$168.45 ,$165.09 
4/20/18,$166.28 ,18917050,$167.79 ,$168.43 ,$165.81 
4/19/18,$168.10 ,21921120,$166.20 ,$168.33 ,$165.20 
4/18/18,$166.36 ,20248580,$166.88 ,$168.12 ,$165.77 
4/17/18,$168.66 ,21986820,$165.83 ,$169.00 ,$165.66 
4/16/18,$164.83 ,17951530,$165.73 ,$165.78 ,$163.39 
4/13/18,$164.52 ,19450140,$164.58 ,$165.70 ,$163.77 
4/12/18,$163.87 ,38195140,$166.98 ,$167.45 ,$163.10 
4/11/18,$166.32 ,56011860,$165.36 ,$168.65 ,$163.25 
4/10/18,$165.04 ,58051080,$157.93 ,$165.98 ,$157.01 
4/9/18,$157.93 ,34671420,$157.82 ,$160.53 ,$156.04 
4/6/18,$157.20 ,41397190,$157.73 ,$161.42 ,$156.81 
4/5/18,$159.34 ,41138460,$161.56 ,$161.58 ,$156.65 
4/4/18,$155.10 ,49542320,$152.03 ,$155.56 ,$150.51 
4/3/18,$156.11 ,42518400,$156.55 ,$157.39 ,$150.81 
4/2/18,$155.39 ,36715460,$157.81 ,$159.20 ,$154.11 
3/29/18,$159.79 ,59266330,$155.15 ,$161.42 ,$154.14 
3/28/18,$153.03 ,59803800,$151.65 ,$155.88 ,$150.80 
3/27/18,$152.22 ,77468330,$156.31 ,$162.85 ,$150.75 
3/26/18,$160.06 ,125971800,$160.82 ,$161.10 ,$149.02 
3/23/18,$159.39 ,53478870,$165.44 ,$167.10 ,$159.02 
3/22/18,$164.89 ,73554350,$166.13 ,$170.27 ,$163.72 
3/21/18,$169.39 ,106166700,$164.80 ,$173.40 ,$163.30 
3/20/18,$168.15 ,129654100,$167.47 ,$170.20 ,$161.95 
3/19/18,$172.56 ,87171850,$177.01 ,$177.17 ,$170.06 
3/16/18,$185.09 ,23699600,$184.49 ,$185.33 ,$183.41 
3/15/18,$183.86 ,15638830,$183.24 ,$184.00 ,$182.19 
3/14/18,$184.19 ,16814350,$182.60 ,$184.25 ,$181.85 
3/13/18,$181.88 ,17873720,$185.61 ,$185.99 ,$181.11 
3/12/18,$184.76 ,15194040,$185.23 ,$186.10 ,$184.22 
3/9/18,$185.23 ,18187880,$183.91 ,$185.51 ,$183.21 
3/8/18,$182.34 ,16920570,$183.56 ,$184.40 ,$181.45 
3/7/18,$183.71 ,19007100,$178.74 ,$183.82 ,$178.07 