Label,Close/Last,Volume,Open,High,Low
Facebook,$120.26 ,22366190,$116.40 ,$121.03 ,$115.77 
Facebook,$115.62 ,19612470,$116.25 ,$118.15 ,$115.51 
Facebook,$116.88 ,21392310,$117.93 ,$118.60 ,$116.05 
Facebook,$118.04 ,17796630,$116.03 ,$118.18 ,$115.54 
Facebook,$117.12 ,23618120,$117.20 ,$118.62 ,$114.38 
Facebook,$119.76 ,20392800,$116.70 ,$120.34 ,$115.62 
Facebook,$117.09 ,28742500,$113.26 ,$117.33 ,$112.46 
Facebook,$114.48 ,29769880,$116.83 ,$117.80 ,$114.33 
Facebook,$119.43 ,67064000,$120.23 ,$123.31 ,$118.82 
Facebook,$116.15 ,34530970,$118.33 ,$118.63 ,$114.01 
Facebook,$121.59 ,36922040,$119.39 ,$124.14 ,$119.39 
Facebook,$120.15 ,44701050,$122.13 ,$123.30 ,$118.64 
Facebook,$114.71 ,24747060,$115.18 ,$115.72 ,$113.14 
Facebook,$115.90 ,26033350,$115.30 ,$117.54 ,$113.87 
Facebook,$115.33 ,30619420,$116.39 ,$117.34 ,$114.59 
Facebook,$113.93 ,29461140,$113.76 ,$115.88 ,$112.88 
Facebook,$114.12 ,43689180,$119.91 ,$120.55 ,$113.74 
Facebook,$122.43 ,35474880,$121.75 ,$124.67 ,$121.35 
Facebook,$123.49 ,39950460,$117.83 ,$124.04 ,$117.61 
Facebook,$120.44 ,36551370,$119.20 ,$121.20 ,$118.40 
Facebook,$118.10 ,43348560,$109.51 ,$118.16 ,$109.38 
Facebook,$109.46 ,23899240,$109.54 ,$110.94 ,$108.54 
Facebook,$108.78 ,23332820,$110.78 ,$112.04 ,$108.38 
Facebook,$111.41 ,12007570,$111.30 ,$112.73 ,$111.02 
Facebook,$112.24 ,21343080,$111.72 ,$112.67 ,$110.73 
Facebook,$111.44 ,29028960,$109.86 ,$111.62 ,$108.32 
Facebook,$109.86 ,24351070,$111.52 ,$112.37 ,$109.19 
Facebook,$112.05 ,33357710,$113.80 ,$114.32 ,$110.62 
Facebook,$111.45 ,35093820,$110.41 ,$112.33 ,$109.80 
Facebook,$113.23 ,33287770,$114.50 ,$116.08 ,$112.66 
Facebook,$117.08 ,50670500,$116.07 ,$118.74 ,$114.41 
Facebook,$114.22 ,53394970,$110.99 ,$116.27 ,$110.80 
Facebook,$113.02 ,59961740,$109.23 ,$114.90 ,$108.81 
Facebook,$111.87 ,80670960,$107.12 ,$112.75 ,$104.61 
Facebook,$101.47 ,107677300,$101.72 ,$104.90 ,$100.74 
Facebook,$96.47 ,52088320,$95.92 ,$97.80 ,$94.79 
Facebook,$96.72 ,81987300,$94.78 ,$96.88 ,$93.10 
Facebook,$90.79 ,55638060,$90.35 ,$91.39 ,$88.09 
Facebook,$88.91 ,60664010,$90.08 ,$90.46 ,$88.41 
Facebook,$90.54 ,71821060,$94.21 ,$95.20 ,$90.48 
Facebook,$95.20 ,110189600,$94.33 ,$97.49 ,$93.55 
Facebook,$93.16 ,121361400,$98.22 ,$99.32 ,$92.60 
Facebook,$99.20 ,95928310,$99.58 ,$100.85 ,$97.51 
Facebook,$97.94 ,232316600,$97.98 ,$102.50 ,$96.38 
Facebook,$129.82 ,89294680,$131.68 ,$135.55 ,$128.53 
Facebook,$137.51 ,38433220,$130.88 ,$138.35 ,$130.59 
Facebook,$129.72 ,63563450,$127.25 ,$133.48 ,$124.57 
Facebook,$130.01 ,46348650,$126.31 ,$130.12 ,$125.44 
Facebook,$131.53 ,26356280,$132.93 ,$136.77 ,$131.31 
Facebook,$133.23 ,30691050,$132.89 ,$137.00 ,$132.22 
Facebook,$132.80 ,25444980,$137.09 ,$137.84 ,$131.40 
Facebook,$134.04 ,29612250,$130.30 ,$134.79 ,$130.18 
Facebook,$126.76 ,23559410,$131.00 ,$131.79 ,$126.52 
Facebook,$130.29 ,34325720,$123.53 ,$131.14 ,$122.53 
Facebook,$127.50 ,34605250,$128.32 ,$129.67 ,$126.25 
Facebook,$128.54 ,38481400,$131.62 ,$132.66 ,$126.99 
Facebook,$133.79 ,24023980,$133.55 ,$136.11 ,$131.87 
Facebook,$133.45 ,33214770,$136.76 ,$138.29 ,$132.44 
Facebook,$139.07 ,36231060,$137.72 ,$141.45 ,$136.60 
Facebook,$138.98 ,27979350,$138.24 ,$140.21 ,$134.78 
Facebook,$140.28 ,34670730,$140.49 ,$142.39 ,$139.34 
Facebook,$138.61 ,27723060,$137.14 ,$139.62 ,$136.10 
Facebook,$135.68 ,33166390,$136.05 ,$140.99 ,$135.50 
Facebook,$136.41 ,38985410,$139.36 ,$139.84 ,$135.20 
Facebook,$141.61 ,32658480,$134.62 ,$142.03 ,$134.27 
Facebook,$134.40 ,30826470,$137.92 ,$139.42 ,$134.12 
Facebook,$136.37 ,30497020,$140.12 ,$142.24 ,$136.19 
Facebook,$140.41 ,31710690,$141.42 ,$142.62 ,$138.89 
Facebook,$142.82 ,34418520,$141.55 ,$144.58 ,$140.87 
Facebook,$142.12 ,38338610,$146.39 ,$149.60 ,$142.00 
Facebook,$146.09 ,23217350,$145.78 ,$148.84 ,$145.22 
Facebook,$148.02 ,22169480,$145.24 ,$148.58 ,$145.10 
Facebook,$146.29 ,40122820,$148.05 ,$148.58 ,$144.29 
Facebook,$149.55 ,34606350,$149.80 ,$154.20 ,$148.70 
Facebook,$151.47 ,43064200,$153.33 ,$153.54 ,$149.05 
Facebook,$153.13 ,44444060,$161.54 ,$161.63 ,$152.67 
Facebook,$168.96 ,23220410,$167.39 ,$171.39 ,$167.28 
Facebook,$169.15 ,22129800,$163.25 ,$169.54 ,$163.02 
Facebook,$162.06 ,22530790,$158.71 ,$162.23 ,$157.74 
Facebook,$160.39 ,16831180,$157.76 ,$160.96 ,$156.81 
Facebook,$158.54 ,19339780,$160.10 ,$161.69 ,$157.69 
Facebook,$160.32 ,22634190,$167.45 ,$167.93 ,$159.22 
Facebook,$165.36 ,30145680,$163.58 ,$167.36 ,$160.35 
Facebook,$162.93 ,40952980,$167.07 ,$167.84 ,$162.14 
Facebook,$157.16 ,19567950,$160.36 ,$161.66 ,$155.91 
Facebook,$159.17 ,20052660,$160.66 ,$163.05 ,$159.01 
Facebook,$161.78 ,24023630,$168.48 ,$170.92 ,$161.67 
Facebook,$168.78 ,15550510,$165.18 ,$168.88 ,$164.02 
Facebook,$163.26 ,20891480,$160.60 ,$165.46 ,$159.77 
Facebook,$161.11 ,18111780,$162.48 ,$165.05 ,$160.70 
Facebook,$163.05 ,19499710,$165.49 ,$165.49 ,$162.26 
Facebook,$167.96 ,26240800,$170.20 ,$172.32 ,$167.05 
Facebook,$174.66 ,18844450,$174.34 ,$175.76 ,$171.86 
Facebook,$174.85 ,20118130,$176.76 ,$178.14 ,$174.17 
Facebook,$179.47 ,21156710,$179.44 ,$180.99 ,$177.04 
Facebook,$180.89 ,15878670,$178.96 ,$181.44 ,$178.20 
Facebook,$180.50 ,21274050,$180.81 ,$181.46 ,$178.91 
Facebook,$177.49 ,24079060,$179.71 ,$183.10 ,$176.37 
Facebook,$178.34 ,30262130,$175.99 ,$180.48 ,$173.95 
Facebook,$168.53 ,18655060,$168.95 ,$169.53 ,$166.60 
Facebook,$170.25 ,27299110,$168.00 ,$177.51 ,$167.13 
Facebook,$167.11 ,25832700,$166.99 ,$171.61 ,$165.80 
Facebook,$170.57 ,23938210,$168.30 ,$172.15 ,$166.80 
Facebook,$168.80 ,31717530,$162.69 ,$169.54 ,$161.57 
Facebook,$160.19 ,27374520,$158.31 ,$162.24 ,$158.01 
Facebook,$159.93 ,40596700,$157.25 ,$165.19 ,$155.23 
Facebook,$159.10 ,42065400,$157.69 ,$160.14 ,$155.17 
Facebook,$160.72 ,73214330,$161.06 ,$161.51 ,$154.85 
Facebook,$169.58 ,43846560,$162.59 ,$170.87 ,$162.02 
Facebook,$159.15 ,28468420,$165.94 ,$166.00 ,$157.95 
Facebook,$166.65 ,26166330,$169.00 ,$170.57 ,$164.81 
Facebook,$169.27 ,42583920,$173.07 ,$175.60 ,$168.41 
Facebook,$183.17 ,27195820,$180.63 ,$183.85 ,$178.87 
Facebook,$183.09 ,24784270,$177.49 ,$183.60 ,$176.70 
Facebook,$175.78 ,25933680,$170.37 ,$176.49 ,$169.51 
Facebook,$167.23 ,23574340,$166.75 ,$171.69 ,$165.64 
Facebook,$164.70 ,23342810,$160.54 ,$164.98 ,$159.82 
Facebook,$158.05 ,23765170,$161.22 ,$162.59 ,$157.28 
Facebook,$163.49 ,16555140,$160.16 ,$164.98 ,$159.61 
Facebook,$163.27 ,16639660,$164.80 ,$165.91 ,$162.10 
Facebook,$162.88 ,21905130,$167.07 ,$167.49 ,$161.91 
Facebook,$170.88 ,19249240,$169.98 ,$172.40 ,$168.15 
Facebook,$172.19 ,24083370,$169.45 ,$172.72 ,$167.78 
Facebook,$169.77 ,23085920,$168.20 ,$171.59 ,$165.46 
Facebook,$168.19 ,28664800,$158.14 ,$168.25 ,$157.02 
Facebook,$160.03 ,31423930,$160.31 ,$160.62 ,$155.00 
Facebook,$161.25 ,35250610,$162.15 ,$165.23 ,$158.49 
Facebook,$163.94 ,28595240,$163.57 ,$166.33 ,$160.32 
Facebook,$160.68 ,27788730,$169.90 ,$171.30 ,$160.61 
Facebook,$169.49 ,29174560,$171.32 ,$171.75 ,$168.01 
Facebook,$170.16 ,68736010,$161.73 ,$170.25 ,$161.30 
Facebook,$158.75 ,40499200,$156.27 ,$159.75 ,$154.25 
Facebook,$155.85 ,47596820,$158.38 ,$160.79 ,$155.44 
Facebook,$157.05 ,50724900,$165.93 ,$167.76 ,$155.97 
Facebook,$163.74 ,31374220,$161.68 ,$165.90 ,$159.90 
Facebook,$160.87 ,26944140,$163.72 ,$165.08 ,$159.61 
Facebook,$169.35 ,30008250,$167.20 ,$172.16 ,$163.98 
Facebook,$163.73 ,27244270,$166.03 ,$166.75 ,$161.36 
Facebook,$164.26 ,31749300,$170.59 ,$172.58 ,$164.03 
Facebook,$175.57 ,27478350,$183.04 ,$183.10 ,$175.02 
Facebook,$184.00 ,23501580,$194.28 ,$199.45 ,$183.68 
Facebook,$196.64 ,22267150,$194.67 ,$202.03 ,$194.41 
Facebook,$195.65 ,18828690,$191.93 ,$196.53 ,$191.49 
Facebook,$194.25 ,30574240,$193.99 ,$196.92 ,$188.40 
Facebook,$190.78 ,19464990,$195.98 ,$196.61 ,$189.78 
Facebook,$198.86 ,31951580,$188.45 ,$200.94 ,$187.73 
Facebook,$188.64 ,36623500,$196.51 ,$199.53 ,$185.00 
Facebook,$193.64 ,26131100,$194.89 ,$197.60 ,$192.01 
Facebook,$195.13 ,22562730,$191.36 ,$195.33 ,$189.80 
Facebook,$191.63 ,23056460,$182.88 ,$192.83 ,$182.26 
Facebook,$183.83 ,28030190,$180.40 ,$185.45 ,$179.32 
Facebook,$181.28 ,50406270,$180.55 ,$183.68 ,$176.11 
Facebook,$196.23 ,25059160,$195.19 ,$196.99 ,$191.24 
Facebook,$193.54 ,31465570,$194.97 ,$197.91 ,$187.87 
Facebook,$191.29 ,24446940,$191.20 ,$195.29 ,$189.60 
Facebook,$192.24 ,23959970,$200.00 ,$201.00 ,$191.63 
Facebook,$202.62 ,24872730,$202.12 ,$205.46 ,$198.36 
Facebook,$200.04 ,27112600,$197.05 ,$205.37 ,$195.93 
Facebook,$198.62 ,24549840,$192.58 ,$199.89 ,$191.28 
Facebook,$191.24 ,38262230,$187.06 ,$198.05 ,$184.78 
Facebook,$188.74 ,31153380,$196.33 ,$200.67 ,$188.27 
Facebook,$197.65 ,34452490,$199.51 ,$202.96 ,$194.19 
Facebook,$196.21 ,36303200,$199.84 ,$202.57 ,$195.58 
Facebook,$203.77 ,34747160,$207.34 ,$209.38 ,$201.02 
Facebook,$208.28 ,41129190,$218.74 ,$220.17 ,$206.16 
Facebook,$223.41 ,41375880,$210.65 ,$224.30 ,$206.96 
Facebook,$212.03 ,41556270,$210.45 ,$214.90 ,$208.09 
Facebook,$211.13 ,49915290,$201.17 ,$211.88 ,$200.99 
Facebook,$200.47 ,49193430,$204.46 ,$212.48 ,$199.90 
Facebook,$205.73 ,100890600,$202.92 ,$208.53 ,$192.90 
Facebook,$174.95 ,71062890,$174.43 ,$181.21 ,$169.00 
Facebook,$180.95 ,31747430,$186.63 ,$187.19 ,$179.50 
Facebook,$186.99 ,29281060,$182.73 ,$187.18 ,$181.66 
Facebook,$184.11 ,36426770,$190.37 ,$192.72 ,$183.27 
Facebook,$188.07 ,49954080,$201.60 ,$202.97 ,$185.58 
Facebook,$200.42 ,43036530,$213.61 ,$214.16 ,$198.92 
Facebook,$217.31 ,20089870,$210.52 ,$218.43 ,$209.00 
Facebook,$210.77 ,16580790,$210.00 ,$213.38 ,$208.30 
Facebook,$210.18 ,18379460,$214.89 ,$214.99 ,$210.00 
Facebook,$214.99 ,19231820,$211.82 ,$216.61 ,$211.33 
Facebook,$214.14 ,20128830,$220.24 ,$222.03 ,$213.13 
Facebook,$216.46 ,20516590,$218.42 ,$220.61 ,$215.22 
Facebook,$222.33 ,18375710,$222.38 ,$225.13 ,$220.03 
Facebook,$222.95 ,21037190,$223.93 ,$225.52 ,$218.56 
Facebook,$223.30 ,28995080,$226.91 ,$228.99 ,$221.41 
Facebook,$231.84 ,29727180,$234.08 ,$236.86 ,$231.02 
Facebook,$233.89 ,28100830,$225.98 ,$234.35 ,$225.86 
Facebook,$224.85 ,19544760,$224.55 ,$227.28 ,$222.70 
Facebook,$222.36 ,24192270,$228.45 ,$228.49 ,$222.26 
Facebook,$227.85 ,25588050,$228.91 ,$231.15 ,$226.71 
Facebook,$229.86 ,31417860,$226.07 ,$230.89 ,$225.29 
Facebook,$223.59 ,26224140,$222.13 ,$224.04 ,$219.54 
Facebook,$221.82 ,40039030,$220.51 ,$225.50 ,$218.89 
Facebook,$219.57 ,31502310,$215.00 ,$220.67 ,$214.79 
Facebook,$213.46 ,23717320,$213.33 ,$216.80 ,$212.16 
Facebook,$216.65 ,31998800,$211.37 ,$219.46 ,$210.18 
Facebook,$211.49 ,30142340,$214.50 ,$214.71 ,$207.63 
Facebook,$216.49 ,52127980,$206.70 ,$216.80 ,$206.00 
Facebook,$207.84 ,29499680,$201.70 ,$208.04 ,$201.11 
Facebook,$203.63 ,40640260,$194.70 ,$203.73 ,$194.52 
Facebook,$192.03 ,31721680,$190.80 ,$192.28 ,$185.91 
Facebook,$186.63 ,31010460,$187.03 ,$192.29 ,$185.82 
Facebook,$187.61 ,34694530,$192.64 ,$193.56 ,$186.67 
Facebook,$195.21 ,24852980,$194.84 ,$196.28 ,$191.07 
Facebook,$198.50 ,31894700,$195.74 ,$199.10 ,$193.92 
Facebook,$190.29 ,37508150,$187.85 ,$196.70 ,$186.11 
Facebook,$187.47 ,38560610,$200.79 ,$200.89 ,$187.28 
Facebook,$200.06 ,32146260,$202.37 ,$205.89 ,$198.79 
Facebook,$202.97 ,27263520,$209.02 ,$209.08 ,$201.42 
Facebook,$208.11 ,29452150,$204.78 ,$209.15 ,$202.02 
Facebook,$203.49 ,27094900,$209.87 ,$211.75 ,$202.22 
Facebook,$211.03 ,34239800,$207.68 ,$213.15 ,$206.83 
Facebook,$210.48 ,37627550,$204.94 ,$211.32 ,$203.18 
Facebook,$207.60 ,49957170,$191.06 ,$208.35 ,$190.22 
Facebook,$198.45 ,44481360,$204.16 ,$206.94 ,$198.05 
Facebook,$202.08 ,39852390,$202.34 ,$207.48 ,$200.06 
Facebook,$206.16 ,37128440,$209.39 ,$210.75 ,$205.18 
Facebook,$207.71 ,38747530,$214.02 ,$217.50 ,$207.16 
Facebook,$216.54 ,45817460,$212.41 ,$217.46 ,$212.36 
Facebook,$221.00 ,42685470,$220.47 ,$221.15 ,$215.06 
Facebook,$217.70 ,38184040,$219.31 ,$221.00 ,$214.78 
Facebook,$219.55 ,46156940,$228.46 ,$230.42 ,$218.77 
Facebook,$228.07 ,49310360,$228.27 ,$235.00 ,$226.70 
Facebook,$232.00 ,86563280,$224.20 ,$233.37 ,$222.21 
Facebook,$220.18 ,94729670,$220.85 ,$225.77 ,$216.15 
Facebook,$224.91 ,88613830,$237.70 ,$238.30 ,$224.01 
Facebook,$237.09 ,89342250,$234.97 ,$242.61 ,$230.11 
Facebook,$237.76 ,188119900,$244.65 ,$248.00 ,$235.75 
Facebook,$323.00 ,58458280,$327.82 ,$328.00 ,$316.87 
Facebook,$319.00 ,18023800,$314.56 ,$319.66 ,$312.12 
Facebook,$313.26 ,21579470,$300.68 ,$313.79 ,$299.32 
Facebook,$301.71 ,21871620,$295.62 ,$301.90 ,$293.03 
Facebook,$294.64 ,21629920,$297.75 ,$301.71 ,$294.26 
Facebook,$294.63 ,28348800,$307.01 ,$307.51 ,$290.85 
Facebook,$300.15 ,25108450,$299.95 ,$306.23 ,$297.58 
Facebook,$308.71 ,38936900,$297.84 ,$309.53 ,$289.01 
Facebook,$303.17 ,28710720,$314.81 ,$318.31 ,$303.04 
Facebook,$316.56 ,16925030,$323.90 ,$327.82 ,$315.98 
Facebook,$319.59 ,20814740,$319.58 ,$327.10 ,$319.33 
Facebook,$318.15 ,22677330,$323.29 ,$324.21 ,$317.64 
Facebook,$331.90 ,16868500,$321.79 ,$332.73 ,$321.21 
Facebook,$326.48 ,14797110,$334.98 ,$335.63 ,$325.76 
Facebook,$333.26 ,14104860,$335.18 ,$336.37 ,$330.03 
Facebook,$334.37 ,16226850,$326.78 ,$334.63 ,$325.28 
Facebook,$328.07 ,24942380,$325.31 ,$328.34 ,$315.43 
Facebook,$331.79 ,14722020,$332.74 ,$337.00 ,$328.88 
Facebook,$332.46 ,27962810,$322.82 ,$339.17 ,$322.72 
Facebook,$324.17 ,20564520,$333.02 ,$335.76 ,$323.84 
Facebook,$336.53 ,15997970,$339.95 ,$343.09 ,$331.87 
Facebook,$338.54 ,14562850,$338.30 ,$341.08 ,$337.19 
Amazon,$84.18 ,54995900,$82.87 ,$84.55 ,$82.55 
Amazon,$81.82 ,58228580,$82.80 ,$83.48 ,$81.69 
Amazon,$83.04 ,57284040,$84.97 ,$85.35 ,$83.00 
Amazon,$85.25 ,57433660,$83.25 ,$85.78 ,$82.93 
Amazon,$83.79 ,81431310,$85.52 ,$85.68 ,$82.25 
Amazon,$86.77 ,59267160,$86.18 ,$87.23 ,$85.21 
Amazon,$85.19 ,74348300,$85.33 ,$86.61 ,$84.33 
Amazon,$84.92 ,83531460,$87.51 ,$87.63 ,$84.51 
Amazon,$87.86 ,146144100,$88.27 ,$89.35 ,$86.73 
Amazon,$88.45 ,84802880,$89.89 ,$89.97 ,$87.47 
Amazon,$91.58 ,70298010,$92.50 ,$93.46 ,$89.87 
Amazon,$92.49 ,100212000,$95.23 ,$96.25 ,$90.52 
Amazon,$90.55 ,61999760,$89.21 ,$90.58 ,$87.87 
Amazon,$89.09 ,67398510,$88.90 ,$90.30 ,$88.63 
Amazon,$90.35 ,73305890,$89.24 ,$90.86 ,$87.88 
Amazon,$88.46 ,68086880,$88.34 ,$89.89 ,$87.48 
Amazon,$88.25 ,75503630,$90.50 ,$91.04 ,$87.90 
Amazon,$91.01 ,71535530,$93.05 ,$94.06 ,$90.82 
Amazon,$94.13 ,72496390,$94.48 ,$95.36 ,$93.78 
Amazon,$95.50 ,68487970,$96.99 ,$97.23 ,$94.92 
Amazon,$96.54 ,102805800,$92.47 ,$96.54 ,$91.53 
Amazon,$92.42 ,65567290,$94.04 ,$94.41 ,$91.44 
Amazon,$93.95 ,75062320,$93.93 ,$96.40 ,$93.43 
Amazon,$93.41 ,35088610,$93.79 ,$94.43 ,$93.07 
Amazon,$94.13 ,59414680,$93.24 ,$94.58 ,$92.83 
Amazon,$93.20 ,62191960,$92.62 ,$93.35 ,$90.87 
Amazon,$92.46 ,84330270,$93.97 ,$95.02 ,$90.59 
Amazon,$94.14 ,72428190,$95.95 ,$95.99 ,$92.48 
Amazon,$94.85 ,82617870,$95.37 ,$96.97 ,$94.03 
Amazon,$97.12 ,87958830,$96.85 ,$98.49 ,$95.54 
Amazon,$98.94 ,111336300,$103.21 ,$103.79 ,$97.34 
Amazon,$98.49 ,99533070,$98.77 ,$100.12 ,$97.29 
Amazon,$100.79 ,111590500,$97.88 ,$101.19 ,$96.66 
Amazon,$96.63 ,173414900,$92.94 ,$98.69 ,$91.65 
Amazon,$86.14 ,90796250,$89.47 ,$89.48 ,$85.87 
Amazon,$89.98 ,88703370,$90.79 ,$91.72 ,$88.23 
Amazon,$90.53 ,77495730,$91.95 ,$92.10 ,$89.04 
Amazon,$90.98 ,129101300,$91.49 ,$92.44 ,$88.04 
Amazon,$89.30 ,136683300,$92.47 ,$93.50 ,$89.02 
Amazon,$92.12 ,135761800,$97.32 ,$97.74 ,$92.01 
Amazon,$96.79 ,153370000,$103.99 ,$104.58 ,$96.06 
Amazon,$102.44 ,99251400,$103.56 ,$104.87 ,$100.74 
Amazon,$103.41 ,223133400,$97.91 ,$103.96 ,$97.66 
Amazon,$110.96 ,129605400,$113.92 ,$114.12 ,$109.77 
Amazon,$115.66 ,69002460,$116.00 ,$119.35 ,$114.76 
Amazon,$120.60 ,50934610,$119.65 ,$121.32 ,$118.95 
Amazon,$119.82 ,49531520,$119.98 ,$120.39 ,$116.57 
Amazon,$119.32 ,55660490,$114.79 ,$119.59 ,$114.50 
Amazon,$115.25 ,48795100,$113.83 ,$118.24 ,$113.51 
Amazon,$115.07 ,47198120,$114.71 ,$116.59 ,$113.22 
Amazon,$116.36 ,65607450,$119.06 ,$119.52 ,$114.79 
Amazon,$113.79 ,62781990,$110.11 ,$114.19 ,$110.09 
Amazon,$106.90 ,67737340,$114.10 ,$114.96 ,$106.60 
Amazon,$112.53 ,86868100,$107.88 ,$113.44 ,$105.35 
Amazon,$112.90 ,45728660,$112.49 ,$113.83 ,$111.40 
Amazon,$112.21 ,56432230,$112.71 ,$115.48 ,$110.39 
Amazon,$113.67 ,42339680,$115.10 ,$116.25 ,$112.43 
Amazon,$114.56 ,54677980,$118.00 ,$118.17 ,$113.88 
Amazon,$120.30 ,42253760,$120.77 ,$121.53 ,$119.50 
Amazon,$120.95 ,48217540,$118.58 ,$121.75 ,$117.69 
Amazon,$121.09 ,62812560,$119.89 ,$123.00 ,$119.79 
Amazon,$115.88 ,50941850,$113.58 ,$116.91 ,$112.45 
Amazon,$113.00 ,59479590,$114.08 ,$116.92 ,$112.84 
Amazon,$114.80 ,58969710,$115.60 ,$116.07 ,$113.06 
Amazon,$118.01 ,55763750,$114.38 ,$118.70 ,$113.80 
Amazon,$114.41 ,60094690,$117.20 ,$118.32 ,$113.05 
Amazon,$115.15 ,62723270,$113.30 ,$117.34 ,$113.13 
Amazon,$113.78 ,65126670,$116.00 ,$116.05 ,$112.06 
Amazon,$117.31 ,55229190,$117.08 ,$118.79 ,$116.26 
Amazon,$118.54 ,58498890,$122.49 ,$123.76 ,$118.45 
Amazon,$122.19 ,47698430,$123.35 ,$124.40 ,$121.14 
Amazon,$124.66 ,47279730,$122.16 ,$124.71 ,$121.80 
Amazon,$123.53 ,115667800,$122.78 ,$123.87 ,$120.70 
Amazon,$126.28 ,52887200,$127.38 ,$130.37 ,$125.50 
Amazon,$128.55 ,45316770,$127.36 ,$128.84 ,$126.33 
Amazon,$126.82 ,72694010,$131.01 ,$131.40 ,$126.27 
Amazon,$136.45 ,53826860,$134.10 ,$136.49 ,$134.00 
Amazon,$133.27 ,49422260,$130.91 ,$133.69 ,$130.76 
Amazon,$129.82 ,43988510,$127.72 ,$130.28 ,$127.10 
Amazon,$129.48 ,47834490,$126.12 ,$129.82 ,$125.40 
Amazon,$126.11 ,43888590,$127.92 ,$128.62 ,$124.74 
Amazon,$127.51 ,57429830,$129.50 ,$131.38 ,$126.39 
Amazon,$127.82 ,56636150,$126.00 ,$128.02 ,$123.66 
Amazon,$126.77 ,53648700,$129.45 ,$130.59 ,$126.74 
Amazon,$128.73 ,49202990,$131.25 ,$132.07 ,$126.85 
Amazon,$129.79 ,48101640,$129.90 ,$131.95 ,$128.77 
Amazon,$130.75 ,53322660,$136.55 ,$137.83 ,$130.50 
Amazon,$137.28 ,37496280,$135.26 ,$137.42 ,$134.28 
Amazon,$133.80 ,38626980,$132.75 ,$135.47 ,$132.10 
Amazon,$133.62 ,36252100,$133.41 ,$134.99 ,$132.95 
Amazon,$133.22 ,50461500,$135.72 ,$136.32 ,$132.85 
Amazon,$138.23 ,47792840,$140.47 ,$141.11 ,$137.91 
Amazon,$142.30 ,37458740,$141.32 ,$142.77 ,$140.38 
Amazon,$142.10 ,48149780,$142.69 ,$143.38 ,$140.78 
Amazon,$144.78 ,59102860,$143.91 ,$146.57 ,$142.00 
Amazon,$143.18 ,39014580,$142.80 ,$143.76 ,$141.49 
Amazon,$143.55 ,47643480,$142.05 ,$143.57 ,$140.12 
Amazon,$140.64 ,44867340,$143.86 ,$144.49 ,$139.76 
Amazon,$142.69 ,54773820,$142.90 ,$144.60 ,$141.01 
Amazon,$137.83 ,40434720,$138.05 ,$138.95 ,$136.21 
Amazon,$139.41 ,52303480,$142.05 ,$144.23 ,$138.29 
Amazon,$140.80 ,50686870,$140.10 ,$142.86 ,$139.60 
Amazon,$142.57 ,70585020,$140.58 ,$143.56 ,$139.55 
Amazon,$139.52 ,71827780,$136.21 ,$140.49 ,$136.05 
Amazon,$134.16 ,61922430,$134.72 ,$137.44 ,$134.09 
Amazon,$135.39 ,76846910,$134.96 ,$138.83 ,$133.51 
Amazon,$134.95 ,148892900,$134.90 ,$137.65 ,$132.41 
Amazon,$122.28 ,82245540,$121.57 ,$122.84 ,$118.08 
Amazon,$120.97 ,61582020,$117.31 ,$121.90 ,$117.16 
Amazon,$114.81 ,67075060,$115.79 ,$118.15 ,$114.53 
Amazon,$121.14 ,50221260,$122.70 ,$123.64 ,$120.03 
Amazon,$122.42 ,51463800,$125.01 ,$125.50 ,$121.35 
Amazon,$124.63 ,60239890,$123.20 ,$124.85 ,$121.26 
Amazon,$122.77 ,71268320,$118.62 ,$123.48 ,$118.32 
Amazon,$118.21 ,60990040,$115.70 ,$118.95 ,$114.03 
Amazon,$113.76 ,59115420,$115.00 ,$117.24 ,$113.15 
Amazon,$113.55 ,84317820,$112.50 ,$115.59 ,$111.59 
Amazon,$110.63 ,51163140,$110.24 ,$111.18 ,$107.58 
Amazon,$110.40 ,61353810,$107.03 ,$111.78 ,$106.01 
Amazon,$109.22 ,54280260,$112.16 ,$113.23 ,$108.34 
Amazon,$111.75 ,53540020,$114.08 ,$114.30 ,$110.87 
Amazon,$115.54 ,45719690,$114.60 ,$116.58 ,$113.69 
Amazon,$116.33 ,57872320,$113.85 ,$116.99 ,$113.49 
Amazon,$114.33 ,66958880,$113.21 ,$115.48 ,$112.01 
Amazon,$113.50 ,76684410,$107.60 ,$114.08 ,$106.32 
Amazon,$109.56 ,73021170,$106.29 ,$109.75 ,$105.85 
Amazon,$106.21 ,97679400,$108.11 ,$108.18 ,$102.52 
Amazon,$108.92 ,66375340,$107.38 ,$110.99 ,$106.91 
Amazon,$107.40 ,75172030,$113.50 ,$114.85 ,$107.04 
Amazon,$113.22 ,62133240,$117.09 ,$117.98 ,$112.70 
Amazon,$116.46 ,69867620,$112.38 ,$116.71 ,$111.43 
Amazon,$112.44 ,64345300,$110.39 ,$113.00 ,$107.93 
Amazon,$108.95 ,60040130,$107.43 ,$112.13 ,$107.02 
Amazon,$108.68 ,70901250,$108.20 ,$111.63 ,$103.56 
Amazon,$106.22 ,99772150,$102.80 ,$106.98 ,$102.51 
Amazon,$103.66 ,82186300,$104.47 ,$104.58 ,$102.01 
Amazon,$107.67 ,85011060,$103.86 ,$109.06 ,$103.53 
Amazon,$102.31 ,69728760,$104.19 ,$104.88 ,$101.43 
Amazon,$103.67 ,99277740,$104.19 ,$106.54 ,$101.86 
Amazon,$109.65 ,87412250,$113.42 ,$114.50 ,$109.05 
Amazon,$116.15 ,67029840,$119.99 ,$121.30 ,$116.10 
Amazon,$121.18 ,64926590,$122.61 ,$123.75 ,$120.75 
Amazon,$123.00 ,85156710,$122.01 ,$124.10 ,$120.63 
Amazon,$124.79 ,135269000,$125.25 ,$128.99 ,$123.81 
Amazon,$122.35 ,97603320,$124.20 ,$124.40 ,$121.05 
Amazon,$125.51 ,100560680,$121.68 ,$125.61 ,$120.05 
Amazon,$121.68 ,127528980,$122.26 ,$125.18 ,$120.62 
Amazon,$120.21 ,144634160,$116.28 ,$121.99 ,$115.68 
Amazon,$115.15 ,93660160,$113.55 ,$115.19 ,$112.63 
Amazon,$111.08 ,93002600,$107.97 ,$112.67 ,$107.45 
Amazon,$106.78 ,93120100,$103.66 ,$108.18 ,$103.65 
Amazon,$104.10 ,102934680,$104.03 ,$105.40 ,$101.26 
Amazon,$107.56 ,107797360,$108.46 ,$108.82 ,$103.95 
Amazon,$107.59 ,99500640,$109.57 ,$109.90 ,$105.01 
Amazon,$107.32 ,88142540,$106.28 ,$110.03 ,$106.19 
Amazon,$107.11 ,108379180,$111.44 ,$112.85 ,$106.25 
Amazon,$115.37 ,76447740,$113.28 ,$115.80 ,$111.28 
Amazon,$110.81 ,74565740,$113.10 ,$113.99 ,$110.35 
Amazon,$113.06 ,93684560,$109.07 ,$113.18 ,$107.80 
Amazon,$106.93 ,132025140,$102.75 ,$110.78 ,$102.41 
Amazon,$105.37 ,109703640,$108.10 ,$110.16 ,$104.43 
Amazon,$108.86 ,105433820,$111.25 ,$112.64 ,$107.17 
Amazon,$108.79 ,128124380,$111.31 ,$114.00 ,$107.96 
Amazon,$114.77 ,124259900,$114.85 ,$119.05 ,$113.08 
Amazon,$116.41 ,144391220,$123.00 ,$123.50 ,$115.07 
Amazon,$125.93 ,110745360,$123.60 ,$126.00 ,$119.18 
Amazon,$124.25 ,79133360,$124.05 ,$126.22 ,$122.83 
Amazon,$124.50 ,148788980,$122.40 ,$124.67 ,$118.38 
Amazon,$124.28 ,272661800,$129.85 ,$130.76 ,$121.63 
Amazon,$144.60 ,117316940,$142.18 ,$145.94 ,$140.30 
Amazon,$138.17 ,71336300,$140.19 ,$141.95 ,$135.78 
Amazon,$139.39 ,77529160,$144.80 ,$144.86 ,$138.93 
Amazon,$146.07 ,61874980,$144.02 ,$146.22 ,$142.31 
Amazon,$144.35 ,73078580,$148.25 ,$149.62 ,$143.70 
Amazon,$148.30 ,63969320,$154.71 ,$156.74 ,$147.59 
Amazon,$154.00 ,59630020,$157.60 ,$157.60 ,$153.60 
Amazon,$158.12 ,54926420,$152.03 ,$158.65 ,$151.55 
Amazon,$152.79 ,46513520,$151.52 ,$154.04 ,$150.25 
Amazon,$151.71 ,51598140,$155.39 ,$155.90 ,$151.47 
Amazon,$155.54 ,53390880,$150.02 ,$156.03 ,$149.60 
Amazon,$150.79 ,55177440,$153.69 ,$155.10 ,$150.38 
Amazon,$151.12 ,52112340,$152.71 ,$154.14 ,$150.53 
Amazon,$154.46 ,46001660,$156.75 ,$157.37 ,$154.23 
Amazon,$157.78 ,68136780,$158.40 ,$160.08 ,$154.51 
Amazon,$158.76 ,79055760,$161.65 ,$162.20 ,$157.25 
Amazon,$164.06 ,53728560,$167.74 ,$168.11 ,$163.27 
Amazon,$168.35 ,50007960,$164.13 ,$168.39 ,$163.21 
Amazon,$163.56 ,57089500,$164.15 ,$165.83 ,$162.32 
Amazon,$163.00 ,59965780,$166.44 ,$166.50 ,$162.95 
Amazon,$166.30 ,56167260,$168.51 ,$168.95 ,$165.50 
Amazon,$169.32 ,66153600,$170.38 ,$170.83 ,$167.87 
Amazon,$168.99 ,59853820,$164.98 ,$169.04 ,$164.90 
Amazon,$164.77 ,49085500,$164.00 ,$165.37 ,$162.25 
Amazon,$163.65 ,56798060,$163.75 ,$164.12 ,$160.05 
Amazon,$163.41 ,55811860,$163.71 ,$166.37 ,$162.69 
Amazon,$164.89 ,64086120,$161.81 ,$166.17 ,$161.70 
Amazon,$161.49 ,66537520,$161.12 ,$163.08 ,$159.55 
Amazon,$161.25 ,102962760,$156.81 ,$161.59 ,$156.01 
Amazon,$157.24 ,72934840,$152.64 ,$157.50 ,$152.14 
Amazon,$153.10 ,84957680,$148.50 ,$153.15 ,$147.35 
Amazon,$147.37 ,75584600,$142.85 ,$147.99 ,$142.00 
Amazon,$141.85 ,74086100,$145.98 ,$147.45 ,$140.88 
Amazon,$145.52 ,68900560,$149.57 ,$149.68 ,$145.37 
Amazon,$146.82 ,135062900,$145.69 ,$148.67 ,$143.98 
Amazon,$139.28 ,82656660,$139.50 ,$140.25 ,$136.83 
Amazon,$136.01 ,91662580,$136.68 ,$140.70 ,$133.57 
Amazon,$137.45 ,86933860,$145.44 ,$146.09 ,$137.42 
Amazon,$145.64 ,60983120,$147.16 ,$147.85 ,$143.81 
Amazon,$147.90 ,65197200,$153.53 ,$153.93 ,$146.86 
Amazon,$152.05 ,47334720,$150.85 ,$153.00 ,$148.75 
Amazon,$151.14 ,44873580,$152.73 ,$154.10 ,$149.98 
Amazon,$153.56 ,57683420,$152.43 ,$154.45 ,$150.85 
Amazon,$153.79 ,62395360,$150.55 ,$153.99 ,$149.21 
Amazon,$151.36 ,100785760,$139.84 ,$151.75 ,$139.50 
Amazon,$144.83 ,64243560,$151.65 ,$151.76 ,$144.65 
Amazon,$150.20 ,66128240,$150.48 ,$152.98 ,$148.49 
Amazon,$152.60 ,63604100,$155.50 ,$155.50 ,$150.89 
Amazon,$154.65 ,64032500,$158.15 ,$160.35 ,$154.50 
Amazon,$158.10 ,52704280,$155.79 ,$158.83 ,$154.73 
Amazon,$156.51 ,56970660,$157.61 ,$158.01 ,$154.64 
Amazon,$155.17 ,83230700,$151.75 ,$158.45 ,$151.65 
Amazon,$153.29 ,77100440,$158.13 ,$159.00 ,$152.73 
Amazon,$159.00 ,68268120,$158.35 ,$160.72 ,$157.75 
Amazon,$161.19 ,68785600,$162.87 ,$163.83 ,$160.25 
Amazon,$161.41 ,76040360,$156.75 ,$161.79 ,$155.55 
Amazon,$157.94 ,102624380,$158.52 ,$162.69 ,$157.25 
Amazon,$157.64 ,253455800,$155.61 ,$161.20 ,$150.61 
Amazon,$138.85 ,225531400,$141.74 ,$144.25 ,$138.33 
Amazon,$150.61 ,87329760,$155.05 ,$155.08 ,$148.86 
Amazon,$151.19 ,59219840,$150.00 ,$151.71 ,$147.63 
Amazon,$149.57 ,78307440,$144.75 ,$150.36 ,$144.30 
Amazon,$143.98 ,74391980,$140.86 ,$144.00 ,$137.93 
Amazon,$139.64 ,77515800,$140.80 ,$144.24 ,$139.35 
Amazon,$138.87 ,95601700,$144.75 ,$145.18 ,$137.32 
Amazon,$139.99 ,90824660,$142.24 ,$143.60 ,$138.15 
Amazon,$144.54 ,156044740,$139.00 ,$144.95 ,$135.35 
Amazon,$142.64 ,163971440,$149.95 ,$150.90 ,$142.07 
Amazon,$151.67 ,71973320,$156.77 ,$158.00 ,$151.35 
Amazon,$156.30 ,53241920,$158.76 ,$159.25 ,$156.25 
Amazon,$158.92 ,67441440,$159.11 ,$159.73 ,$157.66 
Amazon,$162.14 ,45974860,$160.15 ,$162.25 ,$159.80 
Amazon,$161.21 ,52188300,$165.25 ,$166.22 ,$161.09 
Amazon,$165.21 ,50029120,$166.58 ,$166.88 ,$164.42 
Amazon,$165.36 ,62805580,$161.50 ,$166.35 ,$160.70 
Amazon,$161.49 ,87798300,$160.59 ,$161.66 ,$156.30 
Amazon,$162.55 ,46605900,$163.84 ,$165.24 ,$162.03 
Amazon,$163.25 ,51957780,$163.45 ,$164.80 ,$161.94 
Amazon,$164.36 ,64302720,$166.88 ,$167.13 ,$164.36 
Amazon,$167.52 ,70725160,$170.44 ,$171.40 ,$166.35 
Amazon,$170.40 ,63869140,$167.55 ,$170.70 ,$166.16 
Apple,$129.61 ,75703710,$127.99 ,$130.48 ,$127.73 
Apple,$126.04 ,85438390,$129.67 ,$131.03 ,$125.87 
Apple,$130.03 ,69007830,$131.38 ,$131.41 ,$128.72 
Apple,$131.86 ,63814890,$130.92 ,$132.42 ,$129.64 
Apple,$132.23 ,77852110,$134.35 ,$134.56 ,$130.30 
Apple,$135.45 ,85927990,$132.98 ,$136.81 ,$132.75 
Apple,$132.30 ,77432820,$131.39 ,$133.25 ,$129.89 
Apple,$132.37 ,79592610,$135.11 ,$135.20 ,$131.32 
Apple,$134.51 ,160156900,$136.69 ,$137.65 ,$133.73 
Apple,$136.50 ,98931910,$141.11 ,$141.80 ,$136.03 
Apple,$143.21 ,82291180,$145.35 ,$146.66 ,$141.16 
Apple,$145.47 ,93886160,$149.50 ,$149.97 ,$144.24 
Apple,$144.49 ,70462650,$142.70 ,$144.50 ,$141.06 
Apple,$142.16 ,76097010,$142.34 ,$145.57 ,$140.90 
Apple,$142.65 ,62128340,$142.36 ,$143.52 ,$141.10 
Apple,$140.94 ,69721090,$142.19 ,$143.37 ,$140.00 
Apple,$142.91 ,64727190,$147.08 ,$147.30 ,$141.92 
Apple,$146.63 ,68826440,$147.77 ,$150.92 ,$145.77 
Apple,$147.81 ,65447450,$145.96 ,$148.00 ,$145.65 
Apple,$148.31 ,71250420,$148.21 ,$149.13 ,$146.61 
Apple,$148.03 ,111380900,$141.40 ,$148.72 ,$140.55 
Apple,$141.17 ,83763800,$144.29 ,$144.81 ,$140.36 
Apple,$144.22 ,69346520,$145.14 ,$146.64 ,$143.38 
Apple,$148.11 ,35195860,$148.31 ,$148.88 ,$147.12 
Apple,$151.07 ,58301400,$149.45 ,$151.83 ,$149.34 
Apple,$150.18 ,51804130,$148.13 ,$150.42 ,$146.93 
Apple,$148.01 ,58724070,$150.16 ,$150.37 ,$147.72 
Apple,$151.29 ,74829570,$152.31 ,$152.70 ,$149.97 
Apple,$150.72 ,80389400,$146.43 ,$151.48 ,$146.15 
Apple,$148.79 ,64218270,$149.13 ,$149.87 ,$147.29 
Apple,$150.04 ,89868330,$152.22 ,$153.59 ,$148.56 
Apple,$148.28 ,73374110,$148.97 ,$150.28 ,$147.43 
Apple,$149.70 ,93979670,$145.82 ,$150.01 ,$144.37 
Apple,$146.87 ,118854000,$141.24 ,$146.87 ,$139.50 
Apple,$134.87 ,74917790,$138.50 ,$138.55 ,$134.59 
Apple,$139.50 ,89908480,$140.41 ,$141.43 ,$137.49 
Apple,$138.92 ,83374630,$137.11 ,$139.15 ,$135.67 
Apple,$138.38 ,140814800,$142.09 ,$142.67 ,$134.38 
Apple,$138.88 ,97918520,$142.06 ,$142.80 ,$138.75 
Apple,$145.03 ,93604620,$148.95 ,$152.17 ,$145.00 
Apple,$150.65 ,80379350,$155.08 ,$155.45 ,$149.13 
Apple,$153.34 ,97943170,$153.16 ,$154.24 ,$151.92 
Apple,$155.74 ,164762400,$148.20 ,$157.50 ,$147.82 
Apple,$144.80 ,109180200,$148.07 ,$149.05 ,$144.13 
Apple,$149.35 ,88436170,$150.96 ,$151.99 ,$148.04 
Apple,$152.34 ,74732290,$150.09 ,$152.49 ,$149.36 
Apple,$149.45 ,75981920,$147.19 ,$150.23 ,$146.00 
Apple,$147.27 ,86548610,$142.87 ,$147.85 ,$142.65 
Apple,$143.39 ,64521990,$143.02 ,$145.89 ,$142.65 
Apple,$143.86 ,61758340,$141.69 ,$144.95 ,$141.50 
Apple,$143.75 ,99136610,$145.49 ,$146.70 ,$140.61 
Apple,$142.41 ,85250940,$141.07 ,$142.90 ,$140.27 
Apple,$138.38 ,88597970,$144.31 ,$144.52 ,$138.19 
Apple,$142.99 ,113224000,$134.99 ,$143.59 ,$134.37 
Apple,$138.34 ,70433740,$139.13 ,$140.36 ,$138.16 
Apple,$138.98 ,77033670,$139.90 ,$141.35 ,$138.22 
Apple,$140.42 ,74899000,$140.42 ,$141.89 ,$138.57 
Apple,$140.09 ,85925560,$142.54 ,$143.10 ,$139.45 
Apple,$145.43 ,68402170,$145.81 ,$147.54 ,$145.22 
Apple,$146.40 ,79470970,$144.08 ,$147.38 ,$143.01 
Apple,$146.10 ,87830060,$145.03 ,$146.22 ,$144.26 
Apple,$142.45 ,114311700,$138.21 ,$143.07 ,$137.69 
Apple,$138.20 ,124925300,$141.28 ,$143.10 ,$138.00 
Apple,$142.48 ,128138200,$146.10 ,$146.72 ,$140.68 
Apple,$149.84 ,146691400,$147.64 ,$150.64 ,$144.84 
Apple,$151.76 ,84442740,$152.74 ,$154.72 ,$149.95 
Apple,$150.77 ,93339410,$149.66 ,$153.77 ,$149.64 
Apple,$150.43 ,96029910,$151.19 ,$151.47 ,$148.56 
Apple,$152.74 ,86652540,$152.38 ,$154.47 ,$150.91 
Apple,$153.72 ,101696800,$157.34 ,$158.74 ,$153.60 
Apple,$156.90 ,107689800,$153.40 ,$158.08 ,$153.08 
Apple,$154.48 ,81474250,$149.31 ,$154.56 ,$149.10 
Apple,$150.70 ,162278800,$151.21 ,$151.35 ,$148.37 
Apple,$152.37 ,90481110,$154.65 ,$155.24 ,$151.38 
Apple,$155.31 ,87965410,$154.79 ,$157.10 ,$153.61 
Apple,$153.84 ,122656600,$159.90 ,$160.54 ,$153.37 
Apple,$163.43 ,104956000,$159.59 ,$164.26 ,$159.30 
Apple,$157.37 ,68081010,$155.47 ,$157.82 ,$154.75 
Apple,$154.46 ,84923850,$154.64 ,$156.36 ,$152.68 
Apple,$155.96 ,87449570,$154.83 ,$156.67 ,$153.61 
Apple,$154.53 ,73714840,$156.47 ,$157.09 ,$153.69 
Apple,$155.81 ,76957770,$159.75 ,$160.36 ,$154.97 
Apple,$157.96 ,74229900,$156.64 ,$158.42 ,$154.67 
Apple,$157.22 ,87991090,$160.31 ,$160.58 ,$157.14 
Apple,$158.91 ,77906200,$162.13 ,$162.56 ,$157.72 
Apple,$161.38 ,73313950,$161.15 ,$162.90 ,$159.82 
Apple,$163.62 ,78960980,$170.57 ,$171.05 ,$163.56 
Apple,$170.03 ,51218210,$168.78 ,$170.14 ,$168.35 
Apple,$167.53 ,53841520,$167.32 ,$168.11 ,$166.25 
Apple,$167.23 ,54147080,$167.08 ,$168.71 ,$166.65 
Apple,$167.57 ,69026810,$169.69 ,$169.86 ,$167.14 
Apple,$171.52 ,70346300,$173.03 ,$173.74 ,$171.31 
Apple,$174.15 ,62290080,$173.75 ,$174.90 ,$173.12 
Apple,$174.55 ,79542040,$172.77 ,$176.15 ,$172.57 
Apple,$173.03 ,56377050,$172.78 ,$173.71 ,$171.66 
Apple,$173.19 ,54091690,$171.52 ,$173.39 ,$171.35 
Apple,$172.10 ,68039380,$169.82 ,$172.17 ,$169.40 
Apple,$168.49 ,57149160,$170.06 ,$170.99 ,$168.19 
Apple,$169.24 ,70170540,$167.68 ,$169.34 ,$166.90 
Apple,$164.92 ,63135500,$164.02 ,$165.82 ,$163.25 
Apple,$164.87 ,60362340,$166.37 ,$167.81 ,$164.20 
Apple,$165.35 ,56696990,$163.21 ,$165.85 ,$163.00 
Apple,$165.81 ,55474140,$166.01 ,$167.19 ,$164.43 
Apple,$166.13 ,82507490,$160.84 ,$166.59 ,$160.75 
Apple,$160.01 ,59907030,$160.10 ,$162.41 ,$159.63 
Apple,$161.51 ,67829380,$161.01 ,$163.59 ,$160.89 
Apple,$162.51 ,101786900,$161.24 ,$163.63 ,$159.50 
Apple,$157.35 ,81378730,$156.98 ,$157.64 ,$154.41 
Apple,$156.79 ,78620690,$152.58 ,$157.33 ,$152.16 
Apple,$151.60 ,55138690,$152.27 ,$153.09 ,$150.80 
Apple,$152.95 ,53623950,$154.01 ,$155.04 ,$152.28 
Apple,$154.09 ,66675410,$155.39 ,$156.28 ,$153.41 
Apple,$155.35 ,65086640,$154.50 ,$155.57 ,$151.94 
Apple,$153.04 ,64823410,$151.12 ,$153.72 ,$150.37 
Apple,$151.00 ,82982370,$147.92 ,$151.23 ,$146.91 
Apple,$147.07 ,81420870,$150.74 ,$151.57 ,$146.70 
Apple,$150.17 ,76259930,$149.78 ,$150.86 ,$148.20 
Apple,$148.47 ,78140740,$144.08 ,$148.95 ,$143.25 
Apple,$145.49 ,71185560,$142.99 ,$146.45 ,$142.12 
Apple,$145.86 ,77588760,$145.76 ,$148.45 ,$145.05 
Apple,$144.87 ,63305110,$145.67 ,$146.64 ,$143.78 
Apple,$147.04 ,64547800,$145.27 ,$147.55 ,$145.00 
Apple,$146.35 ,66253710,$143.29 ,$146.55 ,$143.28 
Apple,$142.92 ,74064250,$141.36 ,$144.12 ,$141.08 
Apple,$141.56 ,73429640,$137.77 ,$141.61 ,$136.93 
Apple,$138.93 ,71051550,$136.04 ,$139.04 ,$135.66 
Apple,$136.72 ,98964470,$137.25 ,$138.37 ,$133.77 
Apple,$139.23 ,66242410,$137.46 ,$140.67 ,$136.67 
Apple,$137.44 ,67315330,$142.13 ,$143.42 ,$137.33 
Apple,$141.66 ,70207910,$142.70 ,$143.49 ,$140.97 
Apple,$141.66 ,89116840,$139.90 ,$141.91 ,$139.77 
Apple,$138.27 ,72433770,$136.82 ,$138.59 ,$135.63 
Apple,$135.35 ,73409230,$134.79 ,$137.76 ,$133.91 
Apple,$135.87 ,81000490,$133.42 ,$137.06 ,$133.32 
Apple,$131.56 ,134520300,$130.07 ,$133.08 ,$129.81 
Apple,$130.06 ,107961500,$132.08 ,$132.39 ,$129.04 
Apple,$135.43 ,91532970,$134.29 ,$137.34 ,$132.16 
Apple,$132.76 ,84784330,$133.13 ,$133.89 ,$131.48 
Apple,$131.88 ,122207100,$132.87 ,$135.20 ,$131.44 
Apple,$137.13 ,91566640,$140.28 ,$140.76 ,$137.06 
Apple,$142.64 ,69472980,$147.08 ,$147.95 ,$142.53 
Apple,$147.96 ,53950200,$148.58 ,$149.87 ,$147.46 
Apple,$148.71 ,67808150,$144.35 ,$149.00 ,$144.10 
Apple,$146.14 ,71598380,$147.03 ,$148.57 ,$144.90 
Apple,$145.38 ,88570290,$146.90 ,$147.97 ,$144.46 
Apple,$151.21 ,72348060,$147.83 ,$151.27 ,$146.86 
Apple,$148.71 ,74286640,$149.90 ,$151.74 ,$147.68 
Apple,$148.84 ,103718400,$149.07 ,$150.66 ,$146.84 
Apple,$149.64 ,90978500,$145.39 ,$149.68 ,$145.26 
Apple,$143.78 ,90601550,$137.39 ,$144.34 ,$137.14 
Apple,$140.52 ,92482700,$138.43 ,$141.79 ,$138.34 
Apple,$140.36 ,104132700,$140.81 ,$141.97 ,$137.33 
Apple,$143.11 ,117726300,$137.79 ,$143.26 ,$137.65 
Apple,$137.59 ,137426100,$139.09 ,$140.70 ,$132.61 
Apple,$137.35 ,136095600,$139.88 ,$141.66 ,$136.60 
Apple,$140.82 ,109742900,$146.85 ,$147.36 ,$139.90 
Apple,$149.24 ,78336250,$148.86 ,$149.77 ,$146.68 
Apple,$145.54 ,86643780,$145.55 ,$147.52 ,$144.18 
Apple,$147.11 ,113990900,$144.59 ,$148.11 ,$143.11 
Apple,$142.56 ,182602000,$142.77 ,$146.20 ,$138.80 
Apple,$146.50 ,142689800,$153.50 ,$155.45 ,$145.81 
Apple,$154.51 ,115366700,$155.52 ,$156.74 ,$152.93 
Apple,$152.06 ,131577900,$154.93 ,$155.83 ,$151.49 
Apple,$157.28 ,116124600,$156.01 ,$159.44 ,$154.18 
Apple,$156.77 ,130525300,$163.85 ,$164.08 ,$154.95 
Apple,$166.02 ,108256500,$159.67 ,$166.48 ,$159.26 
Apple,$159.48 ,88966530,$158.15 ,$160.71 ,$156.32 
Apple,$157.96 ,123055300,$156.71 ,$158.23 ,$153.27 
Apple,$157.65 ,131747600,$161.84 ,$166.20 ,$157.25 
Apple,$163.64 ,130216800,$159.25 ,$164.52 ,$158.93 
Apple,$156.57 ,88063190,$155.91 ,$159.79 ,$155.38 
Apple,$156.80 ,95623240,$162.25 ,$162.34 ,$156.72 
Apple,$162.88 ,96046380,$161.12 ,$163.17 ,$158.46 
Apple,$161.79 ,84882420,$166.46 ,$167.87 ,$161.50 
Apple,$166.42 ,87227770,$168.91 ,$171.53 ,$165.91 
Apple,$167.23 ,67929810,$168.76 ,$168.88 ,$166.10 
Apple,$167.40 ,67723830,$165.02 ,$167.82 ,$163.91 
Apple,$165.07 ,69023940,$163.92 ,$166.60 ,$163.57 
Apple,$165.29 ,75329380,$170.62 ,$171.27 ,$165.04 
Apple,$170.40 ,70618930,$167.39 ,$171.04 ,$166.77 
Apple,$167.66 ,79265180,$168.02 ,$169.87 ,$166.64 
Apple,$165.75 ,72246710,$168.71 ,$169.03 ,$165.50 
Apple,$170.09 ,76575510,$171.78 ,$171.78 ,$169.20 
Apple,$172.14 ,77594650,$171.16 ,$173.36 ,$169.85 
Apple,$171.83 ,89058780,$172.36 ,$173.63 ,$170.13 
Apple,$175.06 ,73401790,$177.50 ,$178.30 ,$174.42 
Apple,$178.44 ,76545980,$174.57 ,$178.49 ,$174.44 
Apple,$174.31 ,78751330,$174.03 ,$174.88 ,$171.94 
Apple,$174.61 ,103049300,$177.84 ,$178.03 ,$174.40 
Apple,$177.77 ,92633150,$178.55 ,$179.61 ,$176.70 
Apple,$178.96 ,100589400,$176.69 ,$179.01 ,$176.34 
Apple,$175.60 ,90371920,$172.17 ,$175.73 ,$172.00 
Apple,$174.72 ,80546160,$173.88 ,$175.28 ,$172.75 
Apple,$174.07 ,90131420,$171.06 ,$174.14 ,$170.21 
Apple,$170.21 ,98062670,$167.99 ,$172.64 ,$167.65 
Apple,$168.82 ,81532010,$165.51 ,$169.42 ,$164.91 
Apple,$165.38 ,95811350,$163.51 ,$166.35 ,$163.02 
Apple,$163.98 ,123511700,$160.51 ,$164.48 ,$159.76 
Apple,$160.62 ,75615380,$158.61 ,$161.00 ,$157.63 
Apple,$159.59 ,102300200,$157.05 ,$160.00 ,$154.46 
Apple,$155.09 ,92964300,$150.90 ,$155.57 ,$150.38 
Apple,$150.62 ,108732100,$151.45 ,$154.12 ,$150.10 
Apple,$154.73 ,96970100,$158.93 ,$159.28 ,$154.50 
Apple,$158.52 ,105342000,$160.20 ,$160.39 ,$155.98 
Apple,$162.95 ,91454910,$161.48 ,$163.41 ,$159.41 
Apple,$157.44 ,131148300,$158.82 ,$162.88 ,$155.80 
Apple,$159.30 ,96418850,$163.36 ,$165.02 ,$159.04 
Apple,$163.17 ,83819590,$164.49 ,$165.55 ,$162.10 
Apple,$166.23 ,76678440,$168.47 ,$168.91 ,$165.55 
Apple,$166.56 ,79724750,$164.39 ,$167.36 ,$162.95 
Apple,$163.20 ,83474430,$164.70 ,$166.60 ,$161.97 
Apple,$165.12 ,95056630,$163.06 ,$165.42 ,$162.43 
Apple,$164.85 ,91974220,$163.84 ,$165.12 ,$160.87 
Apple,$162.74 ,141147500,$152.58 ,$162.85 ,$152.00 
Apple,$160.07 ,90009250,$165.54 ,$166.15 ,$159.75 
Apple,$164.32 ,91162760,$164.98 ,$166.69 ,$162.15 
Apple,$167.30 ,82772670,$169.82 ,$170.54 ,$166.19 
Apple,$168.88 ,69589340,$171.03 ,$171.91 ,$168.47 
Apple,$172.55 ,61177400,$171.85 ,$173.34 ,$170.05 
Apple,$172.79 ,64286320,$170.97 ,$172.95 ,$170.25 
Apple,$168.88 ,86185530,$167.37 ,$169.58 ,$166.56 
Apple,$168.64 ,98670690,$172.33 ,$173.08 ,$168.04 
Apple,$172.12 ,90865900,$174.14 ,$175.48 ,$171.55 
Apple,$176.28 ,71285040,$176.05 ,$176.65 ,$174.90 
Apple,$174.83 ,74829220,$171.73 ,$175.35 ,$171.43 
Apple,$171.66 ,77251200,$172.86 ,$173.95 ,$170.95 
Apple,$172.39 ,82465400,$171.68 ,$174.10 ,$170.68 
Apple,$172.90 ,89418070,$174.48 ,$176.24 ,$172.12 
Apple,$175.84 ,84914260,$174.75 ,$175.88 ,$173.33 
Apple,$174.61 ,86213910,$174.01 ,$174.84 ,$172.31 
Apple,$174.78 ,115541600,$170.16 ,$175.00 ,$169.51 
Apple,$170.33 ,179935700,$165.71 ,$170.35 ,$162.80 
Apple,$159.22 ,121954600,$162.45 ,$163.84 ,$158.28 
Apple,$159.69 ,108275300,$163.50 ,$164.39 ,$157.82 
Apple,$159.78 ,115798400,$158.98 ,$162.76 ,$157.02 
Apple,$161.62 ,162706700,$160.02 ,$162.30 ,$154.70 
Apple,$162.41 ,122848900,$164.42 ,$166.33 ,$162.30 
Apple,$164.51 ,91420520,$166.98 ,$169.68 ,$164.18 
Apple,$166.23 ,94814990,$170.00 ,$171.08 ,$165.94 
Apple,$169.80 ,91168730,$171.51 ,$172.54 ,$169.41 
Apple,$173.07 ,80440780,$171.34 ,$173.78 ,$171.09 
Apple,$172.19 ,84505760,$175.78 ,$176.62 ,$171.79 
Apple,$175.53 ,74805170,$176.12 ,$177.18 ,$174.82 
Apple,$175.08 ,76138310,$172.32 ,$175.18 ,$170.82 
Apple,$172.19 ,106765600,$169.08 ,$172.50 ,$168.17 
Apple,$172.17 ,86709150,$172.89 ,$174.14 ,$171.03 
Apple,$172.00 ,96903960,$172.70 ,$175.30 ,$171.64 
Apple,$174.92 ,94537600,$179.61 ,$180.17 ,$174.64 
Apple,$179.70 ,99310440,$182.63 ,$182.94 ,$179.12 
Apple,$182.01 ,104701200,$177.83 ,$182.88 ,$177.71 
Netlfix,$291.12 ,9588527,$283.18 ,$295.50 ,$281.01 
Netlfix,$276.88 ,5964369,$281.92 ,$285.19 ,$273.41 
Netlfix,$284.17 ,5778098,$293.19 ,$293.57 ,$282.13 
Netlfix,$294.97 ,4251108,$296.18 ,$298.46 ,$291.91 
Netlfix,$297.75 ,7856192,$298.09 ,$298.88 ,$290.81 
Netlfix,$297.96 ,6376173,$289.99 ,$300.66 ,$286.50 
Netlfix,$288.19 ,6918114,$281.24 ,$289.28 ,$280.81 
Netlfix,$288.30 ,6163667,$289.73 ,$292.25 ,$286.13 
Netlfix,$290.71 ,14080050,$288.76 ,$294.72 ,$288.70 
Netlfix,$290.41 ,17724560,$302.12 ,$303.39 ,$286.55 
Netlfix,$317.83 ,7543291,$318.97 ,$324.71 ,$314.42 
Netlfix,$320.34 ,10756430,$328.00 ,$332.72 ,$317.20 
Netlfix,$315.18 ,10148610,$320.00 ,$323.18 ,$308.85 
Netlfix,$320.01 ,14364030,$321.45 ,$329.00 ,$319.52 
Netlfix,$310.26 ,7205326,$309.11 ,$312.38 ,$304.81 
Netlfix,$308.42 ,7821634,$306.50 ,$309.61 ,$302.10 
Netlfix,$305.56 ,7195395,$311.00 ,$313.22 ,$303.13 
Netlfix,$312.59 ,8423029,$316.46 ,$322.77 ,$310.92 
Netlfix,$320.41 ,12690600,$310.49 ,$321.99 ,$310.00 
Netlfix,$316.95 ,14664870,$303.99 ,$319.80 ,$303.03 
Netlfix,$305.53 ,16070120,$281.37 ,$308.26 ,$280.41 
Netlfix,$280.96 ,5786874,$282.50 ,$282.96 ,$275.94 
Netlfix,$281.17 ,4707049,$284.00 ,$289.55 ,$280.53 
Netlfix,$285.54 ,3235953,$289.00 ,$289.21 ,$284.17 
Netlfix,$291.50 ,5918988,$285.91 ,$292.47 ,$283.76 
Netlfix,$286.69 ,6245119,$284.99 ,$286.98 ,$277.34 
Netlfix,$285.05 ,7256507,$291.00 ,$291.87 ,$282.66 
Netlfix,$287.98 ,8400108,$297.33 ,$298.00 ,$287.00 
Netlfix,$295.28 ,9838220,$294.72 ,$299.82 ,$291.00 
Netlfix,$306.02 ,8038556,$309.94 ,$310.49 ,$303.61 
Netlfix,$310.20 ,14626930,$309.20 ,$312.71 ,$302.55 
Netlfix,$299.27 ,17973400,$290.00 ,$311.00 ,$288.19 
Netlfix,$290.13 ,9573834,$274.47 ,$290.66 ,$271.56 
Netlfix,$274.97 ,9667323,$265.99 ,$275.36 ,$260.09 
Netlfix,$254.66 ,7265994,$259.66 ,$260.90 ,$254.22 
Netlfix,$263.46 ,7683826,$259.92 ,$266.08 ,$256.88 
Netlfix,$258.60 ,7927033,$261.06 ,$261.16 ,$252.09 
Netlfix,$260.79 ,11124690,$272.02 ,$274.97 ,$255.32 
Netlfix,$269.06 ,7057350,$271.25 ,$276.29 ,$268.80 
Netlfix,$273.00 ,10367620,$286.40 ,$287.33 ,$272.84 
Netlfix,$286.75 ,6916424,$296.17 ,$299.70 ,$286.42 
Netlfix,$291.88 ,7505133,$295.13 ,$297.62 ,$289.50 
Netlfix,$295.72 ,9960547,$297.70 ,$301.19 ,$292.29 
Netlfix,$296.94 ,14612590,$298.33 ,$305.21 ,$294.78 
Netlfix,$298.62 ,15749250,$290.04 ,$305.63 ,$288.04 
Netlfix,$291.02 ,15100720,$286.95 ,$297.59 ,$285.55 
Netlfix,$282.45 ,13326420,$290.23 ,$290.49 ,$280.36 
Netlfix,$289.57 ,24889060,$268.95 ,$290.75 ,$265.68 
Netlfix,$268.16 ,17207100,$272.78 ,$278.38 ,$266.38 
Netlfix,$272.38 ,46685260,$265.00 ,$279.30 ,$262.66 
Netlfix,$240.86 ,25776730,$249.80 ,$250.37 ,$237.73 
Netlfix,$245.10 ,21057820,$234.41 ,$249.92 ,$234.40 
Netlfix,$230.00 ,15293400,$237.80 ,$238.80 ,$229.51 
Netlfix,$232.51 ,17505010,$212.69 ,$234.47 ,$211.73 
Netlfix,$220.87 ,12952640,$214.30 ,$223.67 ,$212.64 
Netlfix,$214.29 ,15282410,$226.05 ,$230.44 ,$213.70 
Netlfix,$229.98 ,9991145,$225.64 ,$233.83 ,$224.23 
Netlfix,$224.75 ,9806128,$235.77 ,$237.33 ,$224.28 
Netlfix,$240.02 ,9188940,$236.68 ,$244.28 ,$233.91 
Netlfix,$236.73 ,10825630,$238.76 ,$241.59 ,$227.38 
Netlfix,$240.74 ,13925850,$244.84 ,$245.80 ,$233.25 
Netlfix,$239.04 ,8657443,$237.85 ,$241.54 ,$232.85 
Netlfix,$235.44 ,11848610,$237.00 ,$242.44 ,$233.26 
Netlfix,$239.71 ,18994940,$241.61 ,$246.98 ,$235.68 
Netlfix,$245.20 ,17579670,$229.69 ,$246.65 ,$227.38 
Netlfix,$224.36 ,7762223,$228.63 ,$230.64 ,$220.72 
Netlfix,$224.07 ,8234285,$225.60 ,$232.70 ,$223.01 
Netlfix,$226.41 ,11207230,$235.14 ,$236.45 ,$221.43 
Netlfix,$237.05 ,10017970,$235.35 ,$240.50 ,$231.66 
Netlfix,$236.87 ,9166772,$242.67 ,$248.30 ,$236.68 
Netlfix,$242.85 ,16037430,$240.37 ,$250.49 ,$239.66 
Netlfix,$243.63 ,17912370,$245.05 ,$245.25 ,$235.75 
Netlfix,$240.13 ,18914180,$231.22 ,$241.36 ,$227.83 
Netlfix,$235.38 ,19454120,$230.47 ,$242.29 ,$229.10 
Netlfix,$224.12 ,8230340,$219.82 ,$228.00 ,$215.80 
Netlfix,$218.13 ,8000128,$226.50 ,$227.69 ,$217.72 
Netlfix,$236.53 ,6047425,$233.61 ,$239.49 ,$233.37 
Netlfix,$233.57 ,6702060,$229.62 ,$234.78 ,$229.62 
Netlfix,$227.44 ,6737436,$224.16 ,$228.74 ,$221.30 
Netlfix,$228.96 ,8149329,$220.21 ,$229.33 ,$218.27 
Netlfix,$218.39 ,7469016,$225.59 ,$226.85 ,$214.69 
Netlfix,$226.11 ,8164883,$231.03 ,$233.88 ,$225.04 
Netlfix,$230.04 ,7292917,$220.72 ,$230.37 ,$219.47 
Netlfix,$223.56 ,8615906,$227.00 ,$233.88 ,$223.43 
Netlfix,$220.65 ,5740434,$226.66 ,$229.79 ,$218.74 
Netlfix,$224.57 ,7109397,$221.93 ,$229.87 ,$221.52 
Netlfix,$223.28 ,5349848,$233.63 ,$236.95 ,$223.15 
Netlfix,$233.98 ,3766867,$230.24 ,$234.16 ,$229.00 
Netlfix,$229.61 ,5426316,$225.66 ,$234.10 ,$223.94 
Netlfix,$224.55 ,5276945,$226.46 ,$229.90 ,$224.30 
Netlfix,$226.54 ,8630094,$232.55 ,$233.48 ,$224.59 
Netlfix,$241.16 ,7504707,$240.95 ,$243.29 ,$235.68 
Netlfix,$245.17 ,5280387,$241.96 ,$246.48 ,$239.28 
Netlfix,$241.15 ,5627224,$241.18 ,$244.24 ,$237.56 
Netlfix,$245.69 ,5136806,$247.16 ,$249.29 ,$244.03 
Netlfix,$249.11 ,6527391,$248.11 ,$251.99 ,$247.51 
Netlfix,$249.30 ,6098531,$244.81 ,$249.41 ,$243.76 
Netlfix,$242.70 ,8780062,$244.68 ,$251.62 ,$241.51 
Netlfix,$244.11 ,9254760,$236.99 ,$244.54 ,$236.60 
Netlfix,$229.94 ,6181194,$231.62 ,$232.20 ,$224.65 
Netlfix,$233.49 ,10997410,$227.49 ,$241.96 ,$226.41 
Netlfix,$226.78 ,5539733,$225.30 ,$228.62 ,$222.87 
Netlfix,$229.91 ,7142741,$227.68 ,$232.07 ,$225.05 
Netlfix,$226.73 ,6400701,$224.79 ,$228.10 ,$222.42 
Netlfix,$221.42 ,6361327,$222.76 ,$228.20 ,$220.88 
Netlfix,$226.21 ,5525044,$223.10 ,$228.39 ,$221.00 
Netlfix,$224.90 ,9064937,$223.29 ,$230.75 ,$222.40 
Netlfix,$226.02 ,8972738,$224.60 ,$228.10 ,$219.67 
Netlfix,$226.75 ,10508390,$216.48 ,$227.78 ,$214.58 
Netlfix,$213.91 ,9508532,$216.66 ,$219.39 ,$211.64 
Netlfix,$218.51 ,10935250,$221.31 ,$225.23 ,$216.35 
Netlfix,$220.44 ,17805450,$222.38 ,$229.35 ,$218.44 
Netlfix,$223.88 ,23430120,$214.30 ,$224.32 ,$211.50 
Netlfix,$216.44 ,53920270,$208.17 ,$216.97 ,$200.10 
Netlfix,$201.63 ,28178720,$193.02 ,$201.97 ,$188.40 
Netlfix,$190.92 ,16322850,$192.50 ,$199.67 ,$189.80 
Netlfix,$189.11 ,16319120,$175.58 ,$189.22 ,$174.56 
Netlfix,$174.78 ,9039457,$175.56 ,$177.52 ,$171.82 
Netlfix,$176.56 ,12734420,$170.50 ,$179.18 ,$169.70 
Netlfix,$174.45 ,6845264,$177.33 ,$179.78 ,$173.42 
Netlfix,$177.34 ,6048447,$184.73 ,$184.99 ,$176.89 
Netlfix,$186.98 ,5835680,$186.02 ,$189.91 ,$182.75 
Netlfix,$189.27 ,6334545,$184.27 ,$190.21 ,$183.50 
Netlfix,$184.06 ,5753385,$185.20 ,$186.22 ,$180.82 
Netlfix,$185.88 ,7339023,$176.28 ,$185.92 ,$172.68 
Netlfix,$179.95 ,5201583,$176.49 ,$180.10 ,$174.27 
Netlfix,$174.87 ,7894710,$177.07 ,$179.45 ,$170.30 
Netlfix,$178.36 ,5766847,$179.55 ,$180.67 ,$175.10 
Netlfix,$179.60 ,7201897,$189.20 ,$192.20 ,$179.37 
Netlfix,$189.14 ,8363879,$191.77 ,$191.78 ,$182.39 
Netlfix,$190.85 ,12423970,$183.50 ,$191.19 ,$181.84 
Netlfix,$181.71 ,9538226,$180.50 ,$182.76 ,$175.87 
Netlfix,$178.89 ,12010620,$170.75 ,$182.82 ,$170.20 
Netlfix,$170.91 ,12177590,$177.60 ,$178.62 ,$169.80 
Netlfix,$175.51 ,12133370,$173.63 ,$179.65 ,$173.34 
Netlfix,$173.35 ,8201306,$174.00 ,$176.27 ,$171.56 
Netlfix,$180.11 ,12396040,$169.26 ,$183.85 ,$168.53 
Netlfix,$167.54 ,11555320,$169.75 ,$172.06 ,$164.28 
Netlfix,$169.69 ,10222410,$177.07 ,$179.09 ,$168.96 
Netlfix,$182.94 ,13074280,$182.64 ,$185.86 ,$180.85 
Netlfix,$192.77 ,6948967,$200.65 ,$201.69 ,$192.54 
Netlfix,$202.83 ,7244121,$197.95 ,$207.38 ,$197.64 
Netlfix,$198.61 ,4839491,$194.87 ,$199.60 ,$193.00 
Netlfix,$197.14 ,5372043,$202.09 ,$203.87 ,$195.38 
Netlfix,$198.98 ,7191775,$200.14 ,$202.95 ,$198.05 
Netlfix,$205.09 ,9623121,$192.02 ,$205.47 ,$191.72 
Netlfix,$192.91 ,8416151,$198.70 ,$202.74 ,$191.66 
Netlfix,$197.44 ,11398460,$196.18 ,$199.95 ,$190.80 
Netlfix,$195.19 ,8585987,$193.19 ,$195.25 ,$190.37 
Netlfix,$191.40 ,8049933,$186.49 ,$192.34 ,$183.09 
Netlfix,$187.83 ,8522092,$180.28 ,$188.87 ,$180.17 
Netlfix,$180.34 ,7706372,$182.00 ,$184.00 ,$177.17 
Netlfix,$187.44 ,9602027,$186.15 ,$187.66 ,$177.89 
Netlfix,$186.35 ,10429400,$185.87 ,$190.19 ,$179.77 
Netlfix,$183.48 ,10448510,$178.05 ,$186.30 ,$175.71 
Netlfix,$177.19 ,9665632,$186.72 ,$187.70 ,$176.27 
Netlfix,$190.56 ,9876685,$189.17 ,$191.40 ,$185.17 
Netlfix,$186.51 ,16145010,$193.30 ,$195.89 ,$185.70 
Netlfix,$187.64 ,13136330,$177.16 ,$187.77 ,$176.01 
Netlfix,$174.31 ,17662120,$163.96 ,$177.58 ,$162.71 
Netlfix,$166.37 ,12665520,$176.09 ,$180.92 ,$165.55 
Netlfix,$177.66 ,13883910,$176.01 ,$181.87 ,$170.57 
Netlfix,$173.10 ,14031330,$177.66 ,$183.20 ,$172.30 
Netlfix,$180.97 ,17185480,$186.75 ,$187.21 ,$175.81 
Netlfix,$188.32 ,13971330,$200.45 ,$200.71 ,$186.00 
Netlfix,$204.01 ,12218780,$197.65 ,$204.38 ,$191.01 
Netlfix,$199.87 ,11839430,$198.29 ,$203.20 ,$194.77 
Netlfix,$199.46 ,14591600,$191.71 ,$200.21 ,$190.01 
Netlfix,$190.36 ,16391890,$198.68 ,$204.71 ,$190.00 
Netlfix,$199.52 ,21363160,$191.56 ,$201.48 ,$185.60 
Netlfix,$188.54 ,22298390,$194.01 ,$200.19 ,$187.77 
Netlfix,$198.40 ,20318090,$208.80 ,$209.15 ,$198.28 
Netlfix,$209.91 ,28152050,$213.81 ,$216.66 ,$204.51 
Netlfix,$215.52 ,37515130,$220.18 ,$226.27 ,$210.05 
Netlfix,$218.22 ,53501600,$220.00 ,$227.68 ,$211.52 
Netlfix,$226.19 ,133387500,$245.20 ,$248.70 ,$212.51 
Netlfix,$348.61 ,20906890,$333.22 ,$351.68 ,$333.22 
Netlfix,$337.86 ,5105041,$340.00 ,$342.36 ,$331.62 
Netlfix,$341.13 ,4343837,$350.95 ,$352.00 ,$339.86 
Netlfix,$350.43 ,3230950,$343.92 ,$352.00 ,$341.16 
Netlfix,$344.10 ,3824261,$355.91 ,$359.41 ,$342.25 
Netlfix,$348.00 ,3777096,$350.00 ,$354.78 ,$345.20 
Netlfix,$355.88 ,4025183,$361.96 ,$362.50 ,$354.87 
Netlfix,$362.15 ,4948909,$365.00 ,$368.54 ,$353.69 
Netlfix,$368.35 ,4354885,$374.15 ,$376.47 ,$362.73 
Netlfix,$380.15 ,4234508,$389.30 ,$390.00 ,$377.31 
Netlfix,$391.50 ,7009235,$373.55 ,$396.02 ,$373.13 
Netlfix,$373.47 ,4644237,$376.80 ,$380.87 ,$368.50 
Netlfix,$374.59 ,4134720,$383.59 ,$384.00 ,$373.61 
Netlfix,$381.47 ,4023301,$389.55 ,$392.70 ,$378.63 
Netlfix,$391.82 ,5880723,$384.39 ,$396.50 ,$380.33 
Netlfix,$378.51 ,4323435,$375.23 ,$380.28 ,$366.73 
Netlfix,$373.85 ,3575953,$377.07 ,$377.64 ,$366.43 
Netlfix,$375.71 ,3888461,$379.76 ,$379.76 ,$368.90 
Netlfix,$374.49 ,3728954,$379.77 ,$382.46 ,$374.49 
Netlfix,$382.92 ,4242762,$371.14 ,$386.66 ,$366.76 
Netlfix,$374.59 ,4866463,$378.02 ,$381.82 ,$368.94 
Netlfix,$380.60 ,8324825,$372.00 ,$381.80 ,$368.47 
Netlfix,$371.40 ,5818348,$359.70 ,$373.31 ,$354.88 
Netlfix,$357.53 ,6982469,$348.20 ,$359.99 ,$343.06 
Netlfix,$343.75 ,5460640,$335.10 ,$345.36 ,$332.36 
Netlfix,$331.01 ,5907817,$338.72 ,$341.32 ,$329.82 
Netlfix,$340.32 ,4819925,$361.19 ,$363.36 ,$340.00 
Netlfix,$356.77 ,4807767,$356.20 ,$367.02 ,$353.30 
Netlfix,$358.79 ,6520186,$357.69 ,$364.14 ,$350.51 
Netlfix,$341.76 ,6428655,$349.80 ,$358.86 ,$340.67 
Netlfix,$350.26 ,5708383,$360.41 ,$362.00 ,$350.20 
Netlfix,$361.73 ,5329180,$368.00 ,$374.82 ,$357.17 
Netlfix,$368.07 ,6076836,$386.00 ,$386.12 ,$364.65 
Netlfix,$380.03 ,5356809,$388.93 ,$389.22 ,$375.21 
Netlfix,$386.24 ,3290439,$391.60 ,$395.00 ,$383.71 
Netlfix,$394.52 ,5035046,$387.33 ,$397.75 ,$382.13 
Netlfix,$390.80 ,4841636,$386.61 ,$391.29 ,$375.58 
Netlfix,$390.03 ,7068724,$355.09 ,$390.73 ,$354.72 
Netlfix,$367.46 ,4614290,$382.72 ,$386.00 ,$366.66 
Netlfix,$377.38 ,6697515,$388.95 ,$392.42 ,$373.02 
Netlfix,$391.29 ,6801668,$392.53 ,$402.87 ,$389.05 
Netlfix,$386.67 ,4669222,$394.24 ,$399.11 ,$385.70 
Netlfix,$398.08 ,5277650,$401.53 ,$401.56 ,$390.38 
Netlfix,$407.46 ,5395641,$403.79 ,$409.16 ,$401.01 
Netlfix,$396.57 ,7202155,$387.59 ,$409.36 ,$386.89 
Netlfix,$391.31 ,7558939,$405.33 ,$411.61 ,$387.65 
Netlfix,$406.27 ,8452915,$402.10 ,$408.00 ,$396.36 
Netlfix,$412.89 ,7738227,$408.65 ,$412.98 ,$398.79 
Netlfix,$403.53 ,6818543,$398.18 ,$406.61 ,$395.83 
Netlfix,$402.10 ,8232859,$410.17 ,$412.35 ,$393.55 
Netlfix,$410.17 ,7789798,$407.31 ,$412.77 ,$396.64 
Netlfix,$405.60 ,9905210,$421.44 ,$429.26 ,$404.28 
Netlfix,$429.48 ,14346010,$448.25 ,$451.98 ,$426.48 
Netlfix,$457.13 ,22568100,$432.96 ,$458.48 ,$425.54 
Netlfix,$427.14 ,20047450,$401.97 ,$427.70 ,$398.20 
Netlfix,$384.36 ,11966610,$386.76 ,$387.00 ,$372.08 
Netlfix,$386.70 ,24324750,$382.06 ,$394.80 ,$378.10 
Netlfix,$359.70 ,12683980,$378.27 ,$382.66 ,$356.62 
Netlfix,$366.42 ,15145820,$379.14 ,$387.71 ,$365.13 
Netlfix,$387.15 ,32386780,$383.91 ,$387.26 ,$351.46 
Netlfix,$397.50 ,58904270,$400.43 ,$409.15 ,$379.99 
Netlfix,$508.25 ,12658990,$517.75 ,$526.64 ,$506.93 
Netlfix,$515.86 ,4353508,$515.00 ,$523.21 ,$510.51 
Netlfix,$510.80 ,4844418,$520.08 ,$521.75 ,$508.68 
Netlfix,$525.69 ,7861109,$517.60 ,$538.37 ,$511.88 
Netlfix,$519.20 ,4475063,$537.06 ,$540.79 ,$518.26 
Netlfix,$537.22 ,3787372,$544.27 ,$544.27 ,$532.02 
Netlfix,$540.84 ,3077836,$536.99 ,$543.91 ,$530.07 
Netlfix,$539.85 ,4486145,$538.49 ,$543.69 ,$526.32 
Netlfix,$541.06 ,3382873,$549.46 ,$553.43 ,$538.22 
Netlfix,$553.29 ,5711795,$554.34 ,$563.36 ,$542.01 
Netlfix,$567.52 ,4148749,$592.00 ,$592.84 ,$566.88 
Netlfix,$591.15 ,4393135,$599.91 ,$600.41 ,$581.60 
Netlfix,$597.37 ,3068808,$605.61 ,$609.99 ,$590.56 
Google,$88.95 ,18280660,$87.03 ,$89.37 ,$86.99 
Google,$86.46 ,17879570,$87.50 ,$88.52 ,$86.37 
Google,$87.93 ,15470870,$89.31 ,$89.50 ,$87.54 
Google,$89.81 ,17815010,$87.62 ,$90.10 ,$87.62 
Google,$88.26 ,23656070,$88.93 ,$89.18 ,$86.94 
Google,$90.25 ,20336390,$89.73 ,$90.92 ,$88.91 
Google,$89.63 ,21976850,$88.73 ,$89.78 ,$88.04 
Google,$89.15 ,23020540,$90.88 ,$91.20 ,$88.93 
Google,$90.86 ,48485510,$91.20 ,$91.75 ,$90.01 
Google,$91.20 ,28298760,$93.54 ,$94.03 ,$90.43 
Google,$95.31 ,26452940,$95.54 ,$97.22 ,$93.94 
Google,$95.85 ,34788520,$98.07 ,$99.80 ,$95.38 
Google,$93.56 ,27380950,$93.09 ,$93.87 ,$91.90 
Google,$93.07 ,21885310,$93.90 ,$94.49 ,$93.02 
Google,$93.95 ,25593230,$95.69 ,$95.87 ,$93.80 
Google,$95.15 ,26647880,$96.77 ,$97.31 ,$95.03 
Google,$97.31 ,20877620,$99.67 ,$100.21 ,$96.76 
Google,$99.87 ,19955550,$99.82 ,$101.75 ,$99.36 
Google,$100.83 ,18821530,$99.37 ,$101.15 ,$99.17 
Google,$101.28 ,21771540,$101.40 ,$102.59 ,$100.67 
Google,$101.45 ,39888070,$95.12 ,$101.45 ,$94.67 
Google,$95.44 ,20220010,$96.00 ,$96.39 ,$94.39 
Google,$96.25 ,19981970,$97.20 ,$97.83 ,$95.89 
Google,$97.60 ,8567819,$98.47 ,$98.94 ,$97.53 
Google,$98.82 ,17568860,$97.34 ,$99.07 ,$97.34 
Google,$97.33 ,18868850,$96.16 ,$97.55 ,$94.41 
Google,$95.83 ,18696870,$97.56 ,$98.72 ,$95.67 
Google,$97.80 ,24969880,$99.01 ,$99.16 ,$96.74 
Google,$98.50 ,21818730,$97.18 ,$99.48 ,$97.10 
Google,$98.99 ,24660200,$98.02 ,$99.85 ,$97.90 
Google,$98.72 ,31830970,$98.67 ,$100.42 ,$97.02 
Google,$96.03 ,24170080,$95.50 ,$97.18 ,$95.11 
Google,$96.73 ,30569110,$94.71 ,$97.36 ,$94.16 
Google,$94.17 ,42371220,$92.34 ,$94.55 ,$91.65 
Google,$87.40 ,26743880,$88.55 ,$89.49 ,$87.36 
Google,$88.91 ,30172000,$89.16 ,$90.41 ,$87.65 
Google,$88.65 ,26899880,$87.34 ,$88.94 ,$86.96 
Google,$86.70 ,40173280,$85.51 ,$86.73 ,$83.88 
Google,$83.49 ,48510360,$86.35 ,$86.55 ,$83.45 
Google,$87.07 ,43553550,$90.91 ,$91.30 ,$87.01 
Google,$90.50 ,43220600,$95.59 ,$96.17 ,$90.43 
Google,$94.66 ,29868710,$95.78 ,$96.35 ,$94.38 
Google,$96.58 ,35696930,$92.53 ,$96.86 ,$92.32 
Google,$92.60 ,54036490,$94.31 ,$95.17 ,$91.90 
Google,$94.82 ,71671810,$96.76 ,$98.54 ,$94.57 
Google,$104.93 ,29910170,$103.30 ,$105.10 ,$103.02 
Google,$102.97 ,24680830,$102.09 ,$103.10 ,$100.30 
Google,$101.48 ,28988730,$98.46 ,$101.62 ,$98.23 
Google,$100.53 ,25125080,$100.82 ,$103.00 ,$99.97 
Google,$100.29 ,21573690,$100.70 ,$101.66 ,$99.64 
Google,$101.39 ,21610540,$103.94 ,$104.22 ,$100.65 
Google,$100.78 ,23311600,$99.52 ,$101.77 ,$99.51 
Google,$97.18 ,22624830,$100.63 ,$101.29 ,$97.03 
Google,$99.71 ,32812220,$95.93 ,$100.53 ,$95.27 
Google,$98.30 ,17343430,$98.27 ,$99.65 ,$97.67 
Google,$98.05 ,21617730,$98.25 ,$100.12 ,$97.25 
Google,$98.71 ,16529900,$99.85 ,$99.99 ,$97.87 
Google,$99.57 ,24249910,$100.65 ,$101.42 ,$99.21 
Google,$102.24 ,17156240,$101.50 ,$103.73 ,$101.50 
Google,$102.22 ,18475520,$100.69 ,$102.74 ,$99.74 
Google,$102.41 ,22580930,$101.04 ,$102.72 ,$101.04 
Google,$99.30 ,24840030,$97.22 ,$99.97 ,$97.02 
Google,$96.15 ,26277830,$97.73 ,$99.49 ,$96.03 
Google,$98.09 ,21921520,$99.30 ,$99.30 ,$96.52 
Google,$100.74 ,24617000,$98.02 ,$101.40 ,$97.80 
Google,$98.09 ,24224990,$99.91 ,$100.46 ,$97.34 
Google,$98.81 ,22437940,$98.61 ,$100.44 ,$98.38 
Google,$99.17 ,25656960,$100.06 ,$100.11 ,$98.01 
Google,$100.57 ,21272680,$99.45 ,$101.68 ,$99.41 
Google,$100.01 ,26596760,$102.24 ,$103.49 ,$99.99 
Google,$101.83 ,24001670,$102.88 ,$103.17 ,$101.12 
Google,$103.85 ,19738600,$102.54 ,$104.02 ,$102.37 
Google,$103.63 ,64540120,$102.97 ,$104.03 ,$101.86 
Google,$103.90 ,26494930,$105.01 ,$106.21 ,$103.31 
Google,$105.87 ,22115810,$105.44 ,$106.10 ,$104.50 
Google,$105.31 ,33014990,$108.89 ,$109.37 ,$105.00 
Google,$111.87 ,19732910,$111.99 ,$112.64 ,$110.93 
Google,$111.78 ,21745030,$110.05 ,$112.00 ,$110.00 
Google,$109.42 ,21660650,$109.18 ,$110.58 ,$108.06 
Google,$110.48 ,22987180,$107.76 ,$110.99 ,$107.62 
Google,$107.48 ,20565050,$108.14 ,$108.88 ,$106.51 
Google,$108.68 ,20618080,$111.34 ,$111.68 ,$108.13 
Google,$110.55 ,22784390,$109.20 ,$111.22 ,$108.19 
Google,$109.15 ,25897980,$111.63 ,$111.77 ,$109.05 
Google,$109.91 ,20548200,$111.03 ,$111.37 ,$108.80 
Google,$110.34 ,20386140,$110.78 ,$111.96 ,$109.81 
Google,$111.30 ,31698670,$115.81 ,$116.60 ,$111.22 
Google,$117.70 ,14874670,$115.15 ,$117.78 ,$115.05 
Google,$114.70 ,16051170,$114.45 ,$115.72 ,$113.78 
Google,$114.77 ,14390690,$114.32 ,$115.93 ,$114.30 
Google,$115.07 ,19316020,$116.10 ,$116.50 ,$114.67 
Google,$118.12 ,20186980,$119.87 ,$120.00 ,$117.67 
Google,$120.86 ,15652030,$120.23 ,$121.69 ,$119.55 
Google,$120.32 ,17589160,$120.93 ,$122.15 ,$120.20 
Google,$122.51 ,15626170,$122.32 ,$123.23 ,$121.54 
Google,$122.88 ,15524950,$122.21 ,$123.26 ,$121.57 
Google,$122.65 ,16121090,$121.16 ,$122.65 ,$120.40 
Google,$119.82 ,16671630,$122.08 ,$122.34 ,$119.55 
Google,$120.65 ,20497020,$119.59 ,$121.78 ,$119.36 
Google,$117.50 ,15424260,$117.99 ,$118.20 ,$116.56 
Google,$118.14 ,17061110,$119.12 ,$120.86 ,$117.83 
Google,$118.22 ,15615660,$116.93 ,$118.86 ,$116.71 
Google,$118.87 ,15757700,$118.30 ,$119.50 ,$117.71 
Google,$118.78 ,25302820,$116.34 ,$119.42 ,$116.15 
Google,$115.90 ,17911040,$114.43 ,$117.08 ,$114.26 
Google,$115.48 ,22856200,$115.53 ,$117.12 ,$114.69 
Google,$116.64 ,31336180,$113.40 ,$116.90 ,$113.23 
Google,$114.59 ,23303840,$112.80 ,$114.70 ,$111.85 
Google,$113.60 ,41474620,$109.60 ,$114.40 ,$108.42 
Google,$105.44 ,36626630,$107.43 ,$107.74 ,$104.76 
Google,$108.21 ,28289940,$108.88 ,$110.58 ,$107.01 
Google,$108.36 ,44455300,$111.81 ,$113.18 ,$107.60 
Google,$115.04 ,27267850,$115.09 ,$115.21 ,$111.91 
Google,$114.70 ,26780090,$114.06 ,$116.33 ,$113.26 
Google,$114.62 ,30992330,$111.73 ,$114.81 ,$110.50 
Google,$109.91 ,33353990,$113.44 ,$114.80 ,$109.30 
Google,$112.77 ,34330760,$112.96 ,$114.00 ,$111.82 
Google,$111.44 ,32365540,$110.83 ,$111.99 ,$109.33 
Google,$112.19 ,38958860,$112.64 ,$115.16 ,$111.82 
Google,$114.85 ,24970160,$116.84 ,$117.85 ,$114.62 
Google,$116.52 ,26830460,$118.65 ,$118.79 ,$116.23 
Google,$120.17 ,29082200,$117.55 ,$120.44 ,$117.51 
Google,$119.31 ,32183940,$116.01 ,$119.86 ,$115.53 
Google,$115.21 ,28852680,$114.09 ,$116.35 ,$112.25 
Google,$113.89 ,36429380,$107.51 ,$114.05 ,$106.25 
Google,$109.08 ,31027880,$108.34 ,$109.81 ,$107.11 
Google,$109.37 ,38046040,$110.50 ,$111.33 ,$107.31 
Google,$112.26 ,18627860,$112.15 ,$113.66 ,$111.55 
Google,$112.57 ,28316220,$116.35 ,$117.86 ,$112.44 
Google,$116.62 ,32839300,$118.94 ,$119.25 ,$116.00 
Google,$118.54 ,39122760,$113.60 ,$118.64 ,$113.60 
Google,$112.68 ,24709720,$112.95 ,$113.20 ,$111.03 
Google,$112.03 ,23921720,$111.16 ,$113.77 ,$110.72 
Google,$112.02 ,39010280,$109.70 ,$112.67 ,$109.29 
Google,$107.87 ,43516660,$106.54 ,$109.25 ,$105.63 
Google,$106.64 ,35313240,$108.15 ,$109.29 ,$105.79 
Google,$110.39 ,33192020,$108.90 ,$112.06 ,$108.12 
Google,$107.19 ,25480940,$106.89 ,$108.46 ,$106.35 
Google,$106.88 ,36756200,$107.45 ,$109.22 ,$106.59 
Google,$111.43 ,31349740,$112.78 ,$113.50 ,$110.86 
Google,$114.92 ,23141600,$116.34 ,$118.35 ,$114.87 
Google,$117.24 ,22544260,$116.88 ,$118.65 ,$116.70 
Google,$117.23 ,26413540,$115.65 ,$117.75 ,$115.13 
Google,$117.01 ,23786720,$116.74 ,$119.40 ,$116.53 
Google,$114.56 ,24952080,$115.99 ,$116.36 ,$113.67 
Google,$117.75 ,27495400,$114.19 ,$117.90 ,$113.31 
Google,$114.14 ,28629280,$114.93 ,$117.40 ,$113.55 
Google,$114.04 ,51301920,$113.08 ,$116.43 ,$112.57 
Google,$112.80 ,29924420,$109.79 ,$112.87 ,$109.55 
Google,$108.30 ,30287480,$106.05 ,$108.96 ,$105.49 
Google,$105.84 ,37899340,$105.14 ,$106.54 ,$104.21 
Google,$105.93 ,60386380,$106.38 ,$106.40 ,$102.21 
Google,$111.67 ,31558220,$110.10 ,$112.01 ,$109.15 
Google,$109.31 ,37586020,$112.09 ,$112.55 ,$106.37 
Google,$110.75 ,29191740,$111.84 ,$113.59 ,$110.47 
Google,$112.40 ,27982760,$115.24 ,$115.70 ,$112.14 
Google,$116.70 ,21576080,$117.23 ,$117.23 ,$115.34 
Google,$114.79 ,23282380,$115.38 ,$116.61 ,$114.34 
Google,$116.52 ,29737560,$114.85 ,$118.09 ,$114.00 
Google,$113.16 ,41464880,$111.94 ,$114.86 ,$110.11 
Google,$113.96 ,36501640,$113.71 ,$116.67 ,$113.65 
Google,$114.58 ,31157780,$116.04 ,$116.69 ,$113.38 
Google,$113.08 ,34520960,$113.30 ,$115.56 ,$112.55 
Google,$115.66 ,35309480,$115.52 ,$117.50 ,$114.14 
Google,$116.75 ,43089040,$120.22 ,$121.23 ,$115.18 
Google,$122.58 ,33231460,$118.00 ,$123.14 ,$115.74 
Google,$118.13 ,21215740,$116.77 ,$119.30 ,$116.63 
Google,$117.16 ,30279640,$113.91 ,$117.34 ,$113.40 
Google,$114.97 ,33693100,$117.58 ,$118.96 ,$114.69 
Google,$119.41 ,36790940,$117.12 ,$120.44 ,$115.14 
Google,$115.02 ,62238120,$114.37 ,$117.50 ,$113.12 
Google,$119.51 ,49393040,$122.75 ,$122.75 ,$119.16 
Google,$123.25 ,34521800,$119.43 ,$123.28 ,$118.77 
Google,$119.61 ,46410300,$125.00 ,$125.45 ,$119.14 
Google,$124.94 ,30157540,$129.35 ,$130.31 ,$124.65 
Google,$128.25 ,22609380,$131.28 ,$131.92 ,$127.89 
Google,$130.53 ,22719300,$128.08 ,$130.90 ,$127.45 
Google,$127.96 ,14917200,$127.41 ,$128.71 ,$126.58 
Google,$127.25 ,23483360,$130.65 ,$130.71 ,$127.11 
Google,$130.29 ,19542960,$128.63 ,$130.66 ,$128.44 
Google,$128.37 ,23003220,$132.42 ,$132.42 ,$127.58 
Google,$129.80 ,24187340,$132.90 ,$132.94 ,$129.62 
Google,$134.01 ,16434480,$136.25 ,$136.25 ,$133.75 
Google,$136.47 ,19448540,$136.62 ,$137.70 ,$134.86 
Google,$137.18 ,23574600,$139.16 ,$139.85 ,$136.42 
Google,$141.06 ,19255560,$143.40 ,$143.59 ,$140.94 
Google,$143.64 ,19084900,$140.82 ,$144.04 ,$140.82 
Google,$140.70 ,23480020,$140.01 ,$140.95 ,$138.80 
Google,$139.65 ,29516320,$142.45 ,$142.64 ,$139.62 
Google,$142.64 ,21046380,$142.87 ,$143.48 ,$142.17 
Google,$143.25 ,28678420,$143.16 ,$144.16 ,$142.48 
Google,$141.95 ,23773080,$140.68 ,$141.98 ,$139.83 
Google,$141.52 ,19289080,$141.75 ,$141.96 ,$139.70 
Google,$141.31 ,20544720,$139.27 ,$141.40 ,$138.04 
Google,$138.50 ,25302320,$139.14 ,$140.03 ,$138.17 
Google,$140.28 ,29776860,$136.50 ,$141.50 ,$136.50 
Google,$136.48 ,26632460,$136.85 ,$137.58 ,$134.61 
Google,$136.80 ,45899700,$133.88 ,$136.91 ,$132.93 
Google,$134.60 ,23994380,$133.32 ,$134.74 ,$132.72 
Google,$133.69 ,32058200,$131.00 ,$133.77 ,$129.20 
Google,$129.66 ,30292600,$127.74 ,$130.52 ,$126.57 
Google,$126.74 ,30253860,$130.57 ,$131.03 ,$126.41 
Google,$130.48 ,26599800,$134.00 ,$134.20 ,$130.30 
Google,$132.68 ,24265200,$131.46 ,$133.54 ,$131.40 
Google,$133.87 ,32257440,$131.40 ,$134.20 ,$130.09 
Google,$127.28 ,35249560,$126.25 ,$131.25 ,$125.86 
Google,$126.46 ,39177900,$131.90 ,$131.90 ,$126.41 
Google,$132.12 ,24472240,$133.38 ,$134.20 ,$130.41 
Google,$134.31 ,19779300,$135.98 ,$136.71 ,$133.43 
Google,$134.75 ,23966740,$134.61 ,$135.62 ,$133.43 
Google,$134.17 ,24639920,$134.48 ,$136.11 ,$133.38 
Google,$134.89 ,29675680,$133.28 ,$135.64 ,$132.83 
Google,$134.52 ,26235860,$133.53 ,$135.39 ,$131.77 
Google,$132.67 ,43165080,$125.00 ,$133.04 ,$124.76 
Google,$127.59 ,26431280,$131.08 ,$131.75 ,$127.50 
Google,$129.40 ,38906580,$129.99 ,$131.90 ,$127.74 
Google,$130.47 ,31858600,$133.04 ,$133.82 ,$130.31 
Google,$132.31 ,30968120,$136.15 ,$136.84 ,$132.20 
Google,$137.49 ,25609660,$136.43 ,$137.95 ,$134.82 
Google,$136.43 ,26577560,$137.47 ,$137.90 ,$135.54 
Google,$135.30 ,26792800,$133.37 ,$136.17 ,$133.30 
Google,$134.13 ,38808800,$138.75 ,$139.28 ,$133.29 
Google,$138.60 ,33017700,$139.50 ,$141.43 ,$138.05 
Google,$141.45 ,28627160,$140.85 ,$142.18 ,$140.38 
Google,$139.21 ,34255040,$138.99 ,$139.84 ,$136.87 
Google,$138.94 ,44610740,$143.71 ,$143.85 ,$138.70 
Google,$143.02 ,49224400,$143.02 ,$144.54 ,$139.82 
Google,$142.65 ,56930140,$145.30 ,$149.12 ,$142.21 
Google,$148.04 ,89750760,$151.86 ,$152.10 ,$145.56 
Google,$137.88 ,51203200,$137.84 ,$138.20 ,$134.57 
Google,$135.70 ,34055560,$134.20 ,$135.84 ,$132.27 
Google,$133.29 ,30517560,$130.00 ,$133.37 ,$128.69 
Google,$129.12 ,30285020,$131.36 ,$132.61 ,$128.95 
Google,$129.24 ,39630880,$130.59 ,$132.81 ,$127.15 
Google,$126.74 ,36008600,$128.44 ,$129.34 ,$126.38 
Google,$130.37 ,55292040,$126.03 ,$130.78 ,$124.64 
Google,$130.09 ,41919220,$133.01 ,$134.76 ,$130.00 
Google,$133.51 ,21930560,$136.51 ,$137.91 ,$133.14 
Google,$135.65 ,20795280,$136.94 ,$138.40 ,$135.50 
Google,$136.29 ,27401960,$136.60 ,$137.39 ,$135.62 
Google,$139.79 ,23825920,$137.50 ,$141.20 ,$137.50 
Google,$139.13 ,26565080,$141.84 ,$143.19 ,$138.91 
Google,$141.65 ,23641580,$141.55 ,$142.81 ,$141.11 
Google,$140.02 ,23501240,$138.18 ,$140.33 ,$136.81 
Google,$138.57 ,34095680,$135.10 ,$138.64 ,$133.14 
Google,$137.00 ,19408240,$137.91 ,$138.25 ,$135.79 
Google,$137.55 ,29049040,$137.50 ,$139.69 ,$136.76 
Google,$137.65 ,49641520,$144.18 ,$144.30 ,$137.52 
Google,$144.42 ,22927780,$145.55 ,$146.61 ,$143.82 
Google,$145.07 ,25224500,$144.48 ,$145.55 ,$143.50 
